7.58487623
5.84482859
3.71141321
0.62716023
15.30743801
40.18926488
5.31653764
10.05241015
16.65369358
19.73874249
14.31294390
3.69036577
9.81457156
7.97724292
7.33014250
0.38737809
13.66592647
3.07820242
23.60750357
20.85444539
4.58764593
5.20056536
0.69112535
5.39586875
5.82436859
0.14079685
2.60303313
6.59856898
0.72711316
1.21633565
1.12389191
4.93839568
58.19489649
3.23543193
0.31948650
41.78288379
10.00348228
5.74278736
2.96101254
28.46076650
5.65743128
0.28289771
13.62260461
5.47157489
11.36725891
12.02169308
3.88816641
5.49098214
0.97375917
1.12624467
2.02305209
14.17549581
5.33328407
14.45736833
31.70775259
15.05433043
1.35963311
3.15063036
5.70319289
1.73881944
2.16649165
1.40370208
0.74560482
1.35793693
1.04510090
7.83059358
24.94749885
9.69224100
5.68149709
16.70428980
1.41884495
13.63069202
10.62059001
2.30692766
7.91603955
19.57165567
4.02550709
3.78068683
6.93232418
1.07256122
6.86635796
5.10049937
19.20681412
9.95245679
7.75971733
5.84405962
2.47745858
1.56437362
11.39258993
6.20307444
3.35360500
2.75215593
12.14367879
8.32483910
2.06052911
32.56815468
27.58780978
12.98423303
15.00182347
2.03164720
2.36149046
11.23566403
3.48226415
0.02742555
3.79776229
10.31382558
11.61909712
5.11935890
11.50590304
11.09621910
15.98547810
8.98644054
14.33479537
0.57762931
1.83986941
18.02685917
2.40527374
16.36290499
28.07798553
24.09246484
17.18376812
18.63408749
18.98598334
4.54935444
6.13011568
25.81980764
13.67562954
24.16254987
11.33763640
2.44913435
6.88653190
4.14445068
2.82738340
6.92544879
0.29247603
6.51830823
13.53468852
2.31685021
0.85258364
3.46426683
7.16269330
12.24726026
3.81895564
12.27881543
15.91330940
9.96230196
11.88972462
1.49419331
38.35149889
17.20102698
29.21406816
0.49105896
7.31068683
1.14386772
0.54213410
5.46882265
0.13348107
14.58622487
9.10423205
0.61682266
11.05640718
2.51554011
20.56742415
6.42060424
0.08770899
39.09545289
4.82944970
13.38492629
30.20572953
0.26992828
6.26799261
24.38522320
11.05799888
17.53219657
33.32299341
13.64877911
5.52459626
22.42623555
4.99690726
2.52123645
17.16838160
1.34830368
21.04254634
2.39304976
3.39281118
2.73753848
0.53296351
3.03992368
19.15298372
22.90328864
25.00772430
13.52169383
6.09970117
7.92943920
10.97346553
12.83871224
30.22971480
14.16885234
0.30413865
0.97630072
6.26114477
15.78894647
11.00552653
5.90506163
38.92629516
0.49261789
2.32792091
6.09153870
12.95122844
14.69138710
7.55237252
3.53912177
1.43279663
4.46800908
25.74263412
3.38565318
0.32447596
3.62768199
11.58800518
7.62960457
4.52453604
1.43350686
20.96423916
11.48095456
18.06851462
0.61612149
2.24002244
26.41251269
5.33524515
0.64702978
7.47075666
32.84634494
3.59965026
7.62801073
13.22877818
29.16756898
4.75666997
1.55538967
29.10229827
7.39999131
30.15981292
9.27291057
0.74511436
10.83764331
9.13678450
5.08934402
0.29415652
7.10432253
2.06811235
26.74233674
31.01624769
3.07392726
22.87157586
6.04164103
0.86912899
5.46472613
5.17597875
9.83722603
1.80273038
7.22643539
5.74660654
9.76218650
12.02617087
5.91892183
2.14780335
0.49856484
4.25807986
13.96131807
6.47217047
7.59666176
11.15691740
2.49198615
2.61335887
18.40210264
4.86435623
1.08887486
34.89101908
16.36677474
11.11300950
19.96668983
10.34114770
1.91488398
1.56676913
11.78632708
8.89173331
13.23127779
20.42929094
5.55900134
1.61322645
4.18630953
11.31024950
6.01537258
8.07958304
7.97483500
5.75208209
8.48464013
8.02489254
1.41626173
22.25957405
25.02033244
4.99151611
8.26239743
6.41048760
32.95345844
15.49791392
25.66160379
8.33848451
9.63322082
1.87222827
3.91929639
24.20239886
1.28706937
12.98091498
4.82743037
0.16181910
17.01562881
13.95142118
4.98831104
1.20951472
11.61959963
0.54455124
16.01600506
6.46754097
6.74010162
7.58184175
7.02669883
10.48108446
0.86284990
26.14178841
21.40247987
20.79968146
6.56779549
9.29078491
0.10372379
14.01726081
24.54919362
28.65736251
6.35823276
11.35991201
16.25936234
2.70144604
0.63719481
2.84290880
10.68548667
5.50640725
7.81552961
11.96729481
19.42225838
8.89381845
4.91163899
3.37485935
15.11157555
0.64442879
1.29302165
7.57784215
3.39545123
0.81174057
7.15559585
5.31061282
17.80626005
5.05086951
4.01235850
11.88344113
1.63118440
9.58967822
0.65899379
6.42116608
6.65131370
24.45356105
4.31902845
3.04384514
1.60819064
7.51913012
2.32148317
23.64632687
5.08285763
1.94841503
4.13287372
5.65088122
30.08056465
2.07586091
3.77809471
17.64521119
30.17834041
14.02836074
3.62164241
1.03230447
2.12887802
17.62666362
1.99692369
17.72403950
6.67603959
26.14663121
0.88466682
9.91343674
27.40332287
15.74953346
14.88426559
0.50118959
5.76465168
0.35666072
2.89322256
8.84791168
9.20164526
22.22418973
16.84097489
7.99559214
3.09091876
9.63501756
0.60962036
40.74865079
13.52772499
21.82086285
19.57624089
2.89018136
1.71393907
1.02249434
3.14891546
2.75660333
5.81829558
16.70301314
11.44783188
20.42826520
0.23723977
7.97965873
1.74129956
1.83085276
13.48028332
5.76235409
6.71097826
1.08932963
2.08594514
5.04076848
3.40525889
16.53263204
7.53859877
15.10544438
9.17751403
1.90068243
4.10813100
1.24147731
1.14135902
5.11744561
0.57903047
3.99772176
17.72306317
37.70922557
0.95951774
35.42735246
6.89824017
22.00720406
1.84625184
13.26596833
5.03956712
15.48542499
2.89456551
13.73054127
0.58979961
15.17477433
3.16597461
0.49957576
6.76606326
20.65367711
6.48859264
2.66110674
18.25327578
16.99441614
14.67545394
22.46656394
2.51690998
3.14777211
10.70342424
11.30470626
5.77221165
3.98411953
5.36216513
0.62048433
5.96207867
6.78998356
6.27324778
3.62991590
8.20283214
8.36279382
2.36806536
7.36434842
0.03489808
4.59268139
5.36893208
9.35312243
0.79674891
3.16838547
6.25175462
15.42891116
1.30692638
1.60150803
17.61970213
3.66154069
15.24356706
6.01668952
17.02022889
15.99699465
11.56099994
1.99977701
1.40977736
12.90853921
30.74655197
10.09458727
4.18054987
3.67266827
3.86920479
16.31789515
0.17902778
3.44669381
6.24400747
9.97563711
0.46827487
6.74106066
27.97308496
12.94374594
3.08787125
15.86941785
2.42110105
5.72509367
0.59992960
6.53456370
4.95531640
9.90107015
34.53850672
6.02101298
25.04224685
26.81505127
3.25800864
0.70729049
1.47751302
6.02301894
6.45676543
6.74296378
12.06186651
8.71153749
8.90256561
5.44538822
3.20568708
0.62009088
9.31413620
0.45272916
6.20343686
11.94899453
19.69315092
14.77219960
11.30612074
4.40627557
0.57682637
1.90363321
22.75753193
6.18126309
6.80617397
7.77736178
0.65926944
2.02561602
3.70099720
0.60817232
16.85995993
14.74443774
4.95062239
13.17274549
1.36273026
26.41751326
5.67423537
4.63871189
0.66624863
2.75122088
2.85635149
1.34948235
8.87750701
1.56386249
2.66311858
5.54076622
23.00556051
5.62971634
16.91063091
3.88201774
6.67653927
7.18000403
9.33266425
2.55281320
11.51178267
3.78743474
15.02788843
4.32599732
9.46523152
12.05932775
0.73829734
0.01854188
4.16965602
5.91652726
12.25508514
0.65923584
2.49609422
3.70317343
7.93764921
0.86827998
15.69324098
10.19562487
15.95596020
14.37476843
6.97309567
13.69744084
6.10082849
8.60436240
0.47790354
8.76620400
2.24927030
2.72891400
0.84530142
0.74374485
13.71030606
31.74330884
6.93416110
44.77349648
9.59522134
21.19458773
10.07851816
11.71716157
21.03040588
1.40969287
58.49841910
4.05742092
8.83451882
6.43520804
9.48461585
4.93605885
4.08206609
19.25777638
21.38813294
3.28798773
1.21597828
20.11807721
0.33916135
35.27137451
4.43502617
8.49539005
6.24066195
4.85451074
2.92650545
18.24306486
26.08777895
10.84275926
12.56306633
14.25490685
2.48681478
18.99067714
0.26367956
1.45664617
14.68558417
33.67496251
0.60968589
0.54308041
7.57202959
0.68405670
2.18800414
25.47290705
15.02288943
9.32544078
0.63446235
0.78373397
13.79445032
3.72987641
22.19141330
2.18218566
3.92071135
15.24123059
19.97018241
0.55249660
13.83121190
2.49359644
8.51318731
6.97344242
17.95621311
32.89334524
3.68654676
5.85414251
17.46070339
0.40756604
0.35626244
1.41087665
13.08215473
18.86760828
10.78761938
23.27889498
3.25821328
18.44508343
20.60617476
3.98292120
24.53996159
2.32594943
9.50165418
3.11785118
0.19408307
2.10667405
16.73634955
1.91507701
5.53861077
0.83764150
23.36449442
1.58986730
33.02152518
7.20522108
0.36807154
6.75566378
2.39554114
11.74629099
0.99774666
28.94648634
1.63517919
14.75821932
8.33843721
27.34316814
7.70464791
9.11641747
4.46646219
10.42399404
5.13429296
28.27299885
22.52906698
1.13635607
4.94313921
3.87338456
13.33124725
8.68266216
20.92458077
6.60915774
1.57674890
0.21042150
3.13791115
7.03812640
24.52680293
16.09811412
10.97605068
10.33618064
5.64050832
6.46212247
20.33014038
15.26566533
29.23095883
10.26438029
3.45977675
16.52848199
2.48614073
16.76374434
1.08454773
8.26131722
11.33925993
2.67110883
19.94890532
6.69667806
0.70256834
2.05258906
5.87792644
3.64968175
2.64931704
11.22138048
7.67287369
7.29927153
10.70247609
0.29817721
0.14039124
3.35332284
7.79397082
11.84403991
4.88395778
7.66726618
6.87416892
8.66523485
2.37602785
8.99295522
9.71791007
1.61975806
3.98421168
7.35991468
1.05138402
0.29664906
12.08043276
0.29597171
44.84971882
16.04842646
13.40280744
9.28865860
7.42609272
12.41233670
5.43303653
11.09187040
16.92464621
7.67226420
4.24031552
2.11183165
14.85167761
15.74510720
21.38897294
1.54724613
0.23275850
2.93426418
0.15095977
8.18992558
2.18923092
3.81881431
3.38741723
4.18302862
42.66325304
5.02302388
6.67716000
5.07449323
6.75758486
3.87611672
3.79290680
8.12624372
3.48435617
14.32164252
2.39561348
2.89306146
15.44386644
46.14773549
17.23900331
8.67430047
1.81902598
2.36133349
23.64946744
3.67365414
6.46862088
10.31739337
0.11675039
0.01733832
13.47415393
1.52714704
5.45540803
7.67750911
26.87831625
28.66358628
8.69121426
0.29141799
8.78874355
0.25323970
13.14621318
4.15870516
10.10055501
12.92066601
14.95414080
13.51431582
7.57129824
0.38591769
0.96671225
7.85887923
6.89477853
52.60383562
8.11793476
1.01332852
2.38910283
1.64290553
8.31523686
0.78067237
1.74492542
4.92953080
0.88456734
10.32712712
0.48938905
10.46660221
2.60027318
21.89610510
3.26938244
2.19734382
24.65973604
10.57905564
2.53057256
7.57059746
14.95631157
11.91160406
13.56912663
23.31098531
3.55742833
0.32985034
4.21746583
0.82202069
5.77027911
16.16796688
14.08250562
4.07039398
8.95577428
29.42006815
8.92111033
6.75293458
1.71765209
0.24245376
7.90978030
6.22355287
2.30446207
0.54325931
0.96831723
7.19209234
14.58678762
24.67981219
6.86167187
7.64019367
4.37009827
9.61858164
9.46708079
1.83749894
5.95649998
1.63067043
3.55317681
3.85581298
15.64362201
0.97278406
2.91567371
7.59799432
9.36805082
3.44020823
6.23816696
11.14329249
6.10316920
3.28600055
0.36978192
18.85852293
2.85090628
25.79713452
14.74538245
3.10199907
22.75229987
2.06030497
2.73999653
12.33681390
1.81094091
3.87792089
19.72378739
9.75876746
18.71364852
1.20437585
5.76037926
17.27245307
9.91899206
11.42135500
12.48767014
10.03686029
47.39591173
2.70499482
11.96370471
3.85770482
0.74277333
9.40246073
6.03407645
1.29443775
16.10663795
6.51090906
7.80017729
8.25331455
25.23386164
31.26498460
3.41127156
23.52690886
2.97300584
12.65414991
14.02161114
4.76452774
12.69459863
3.02923730
0.45535842
2.71930901
23.55546372
30.28184595
14.65304141
5.15715611
1.43087707
1.37289986
32.60166863
54.71607892
3.52599564
5.81709875
8.99161792
3.09150767
6.96111873
7.61174781
1.02933566
11.23666448
3.88201016
25.63991392
7.36356703
10.37365066
17.64869498
1.38445063
4.32632934
3.71201037
31.04959144
6.18537054
3.62326853
8.32039043
5.92501926
9.14159219
14.02629000
1.71100660
0.36864572
2.19734201
0.62418471
10.81710546
4.08035566
9.82460898
5.95198956
41.19702125
12.86034266
23.72212221
9.43118633
10.97455994
5.29897485
0.87999645
9.23410686
15.58812003
10.41981814
7.23813288
12.72170713
4.62520695
5.11898927
7.42180907
21.19264914
4.91477740
2.30485665
18.94987510
30.33674217
7.27748637
3.94429049
8.40542555
9.52226837
1.79490748
6.49367282
28.27871611
17.17176586
20.04751428
9.30279995
14.74268555
3.33469926
24.23832515
5.48725030
2.70088446
8.37983015
2.27361594
14.84975573
2.82806034
2.78771831
14.89011788
17.09755117
5.42744831
35.97460749
2.35296492
0.54124985
0.46516494
20.75479541
2.45703348
1.14158234
9.25031237
4.18935525
0.05344620
20.89700732
7.46668115
16.57407187
14.25719422
10.92791962
6.36977939
18.10661174
6.98495799
3.04841011
0.42109838
3.61716253
19.92695270
18.96175728
12.14562555
6.26473302
28.48066357
2.25062459
2.37395684
0.50698046
25.84719949
5.06965658
9.34385223
0.36065467
5.98624037
1.25984126
8.66726191
38.12612646
32.27023866
23.34871062
1.02306104
4.35600610
24.03254962
15.36703152
4.26999621
25.94139176
2.10498364
3.91549371
0.65388838
5.20276671
1.73362136
23.50995516
1.24799322
5.86234751
3.40549800
7.37509407
0.13045346
0.95556488
15.63247799
8.38756335
8.84725091
5.92827061
3.29230522
13.46495390
1.88133802
9.72221819
6.95838627
17.02709874
7.05995830
0.12987026
8.31830018
3.52280614
2.78026489
7.56178632
0.65516974
18.61798867
5.66534142
5.19030819
0.90046989
5.06781371
0.82715137
7.14152567
5.97724220
3.91389538
15.82848187
3.43853357
7.14874921
25.97793870
9.02257769
20.80991474
18.52415994
0.08862590
1.44038460
42.56840469
35.96840930
1.90111942
29.64931368
18.71986808
3.69683439
0.99874393
1.78214418
29.65684006
13.84332066
13.94021236
8.16743934
2.67926419
3.80705330
12.13553434
3.29109178
5.17022630
2.75111205
14.23621827
2.14963386
7.44298312
4.69451647
23.68691133
13.11264156
18.64734078
0.16370907
2.38562509
14.24105443
1.79052656
6.41327955
3.14147310
0.53154921
0.93918007
10.61243907
7.48030130
9.73087826
17.83950204
4.35032000
7.15963856
9.99498589
15.29971631
3.35641904
7.36767576
4.02990016
0.89407820
16.44418696
0.07550667
18.95920088
3.59223763
1.05649037
69.96698942
1.15096569
10.55500921
10.17911811
0.84011077
2.09030285
8.00559952
8.42930942
8.19933345
22.94823513
7.16037562
26.78032903
17.49479166
0.97192713
22.29697006
8.35619935
11.99085997
1.71825684
18.90384398
2.96989432
5.91603971
11.41094587
9.28252132
16.37276425
52.05985151
12.76215788
1.86958042
5.41783327
11.23137061
0.20286047
13.57908130
31.70417307
8.53744615
1.47618628
12.86608118
7.84465558
1.63940391
5.86016215
0.43336249
4.96467502
8.15957848
4.13230452
14.84846661
1.79229708
3.52663677
0.44822263
3.98339313
10.82295506
27.23022261
3.88976954
8.56672389
0.36324168
7.75412283
5.76932878
0.05498268
0.06448761
4.35125342
4.57983809
5.96183533
0.23942449
1.69273790
2.84768699
17.99821381
13.53903974
2.08557701
3.22979785
16.91226811
24.12559171
18.62880040
2.25858574
6.69449742
0.13111951
7.09605600
0.09048416
7.17360826
0.43111850
0.60537136
15.15665938
26.73043935
13.50576745
0.99424521
4.87370684
17.83332496
6.24250636
21.65431476
13.08428232
33.42043111
40.33157636
6.06554861
0.40207853
2.71425882
0.43293013
4.76484775
3.40475871
1.77216998
11.70923354
7.07283644
5.51070463
12.55697222
14.41161867
14.49752205
22.30078287
10.11111300
12.12935120
2.11156868
43.10732539
19.82546017
7.00612963
3.46060898
6.87189451
14.18065467
4.13475867
17.36955515
6.79843472
11.32396205
4.73298483
6.36480683
28.81637281
25.52249220
15.66883503
10.33260237
0.17033632
18.23760767
6.36657096
56.86302487
8.61580521
1.37144134
0.72402354
20.98057621
15.32472857
6.57083225
7.64366200
1.66583752
79.34146118
21.43537164
23.22234554
10.00174027
8.83687046
14.28535348
0.65996633
14.35904026
6.21337682
20.40565267
3.87851488
10.45383588
14.23214435
3.65973994
14.49584462
5.82891369
3.37845581
0.16836406
5.58171533
22.36084364
10.80252890
17.22106762
1.50569202
7.04409630
5.81493182
0.09750827
4.46953664
1.36483669
46.37696019
1.05326049
8.05041550
3.06967526
9.02168981
0.29476718
10.16935325
1.68598661
8.20259916
5.96516953
0.11050765
0.02140872
13.09534048
4.30577171
19.19907921
6.89403677
6.00788566
5.12136629
18.99487403
14.18883831
5.42146866
7.45587940
6.58575355
20.77342494
10.42250641
1.69161848
2.81960985
16.49838344
0.03697485
16.16514949
0.35449352
8.40631266
24.69267546
0.64844096
2.98027250
10.94888835
5.09646501
4.04745761
6.52110207
3.39114764
14.74181508
3.36498651
0.37114467
1.20491530
9.64619091
2.81567364
2.27516139
26.17315090
1.80552398
11.75309190
4.49142307
4.85557644
5.96064866
2.16406212
2.62728912
3.76202296
8.56709770
1.49859430
19.84557564
8.90515955
1.81298187
13.04989502
4.83114250
10.61206022
6.55262420
0.72257596
1.53717787
1.64467881
14.32583513
11.01128417
0.90314662
11.81770493
12.18688556
36.67403466
0.76593813
35.17933045
3.04629007
11.89568395
7.05603496
16.63615622
29.91559795
1.84952122
2.63757457
3.24381535
14.84088957
36.33746093
5.61976175
0.78939948
17.47569468
18.58404488
8.28885491
6.71089656
30.70109423
11.67731678
0.40336030
11.54729835
12.82236018
13.02101654
10.06039432
12.53059031
0.13836591
4.50433860
1.65243561
3.36785460
9.89549403
1.38965806
0.07075231
8.48338567
16.66338965
33.79157364
12.82434459
0.65736223
7.78748832
4.93345586
7.33434723
5.23878716
1.73035566
5.07693999
6.98467722
16.12184490
0.21265504
13.60373387
9.30753187
2.40934147
1.49411037
3.88235435
5.41485427
6.20004845
42.32669064
47.10922461
2.97270557
15.43966309
0.15000989
24.28827090
2.89384173
24.66606943
7.55519001
57.96920778
1.64906197
44.24390393
5.55582999
5.06876182
0.59758898
14.11349899
1.50961945
4.00574512
47.32939795
2.93902008
23.28633855
21.23399123
4.82714282
3.32864389
1.76385940
0.27443498
7.87310361
15.18438536
0.20950860
3.18997993
0.74137693
5.59132794
13.72571023
0.39208279
45.40883064
4.74053537
21.09575545
15.24979692
1.99980843
17.88827929
24.90021660
19.67223847
0.32799592
6.89414130
16.99382971
0.28104363
9.89634899
12.44990400
8.07665486
4.67487033
16.09129717
9.53692091
4.98955846
0.64495088
46.00358275
9.80954995
43.03519907
0.04111735
2.68818459
0.08266110
32.75954063
0.47339721
2.33493499
9.79986026
23.03966584
29.07928197
9.87824136
3.54500443
8.45831156
3.20474192
9.65676225
3.37640417
19.47643578
9.75969496
8.97306948
6.04963445
5.16702646
31.44308349
8.70889365
4.44743756
11.75663295
19.49771556
2.96147841
8.47089950
2.89375014
26.49892519
9.91839219
32.09412258
28.19909035
6.22981001
0.82599623
7.66888829
2.43055828
11.34907743
11.50307794
2.05272072
20.45049791
1.93484444
5.18710235
0.26917820
1.05743036
13.21469423
0.88882824
17.08454738
4.08090238
8.55569670
5.95049677
1.98198860
2.22258012
3.00969388
1.42406645
15.11362174
16.53205019
1.28242707
16.41999317
17.22870456
18.67951596
8.66046585
7.36087688
11.53315415
7.03312100
0.59173477
0.04368028
0.67984667
5.81943543
1.95468654
1.62404283
29.15391862
2.88188785
2.95063643
3.80576460
14.03253400
22.11571944
6.13027000
6.80693523
1.05217539
3.96150157
19.25321056
8.97194682
1.36993914
2.95235342
16.14470259
20.85942735
24.30382239
5.34976767
4.77409803
7.74806354
0.77355148
21.96203641
15.64934422
1.12301784
8.22549069
27.18979107
7.74982397
3.60771981
21.91192639
28.08054241
1.12218454
2.11479509
3.17361863
1.12003116
1.95284421
1.56533680
3.62610953
2.87432013
11.71009183
5.04392316
1.45922318
27.04938078
1.97488608
4.17417690
12.40054470
31.92114739
5.35868827
5.42607497
13.91851912
4.09871597
28.77694886
1.32309266
8.71480506
17.01844622
8.10517990
13.38523061
7.62793002
0.19227805
5.47603867
9.94725313
18.75501963
43.85185241
4.15839612
0.52073705
6.87823815
11.23858560
3.91942741
0.54673724
6.73316583
21.54869332
1.83872229
37.87078701
0.99284800
20.61040815
21.42441825
11.21999636
1.91551314
18.80680623
8.43325598
16.22426225
16.12694247
13.70442208
0.09005569
14.58338382
10.22812201
10.94521143
0.48654550
0.56041704
3.74080718
4.68594546
15.44873711
6.37551651
5.03455217
10.75300259
20.86578210
0.79890833
9.25368336
5.67489150
15.71569140
0.30235243
10.79919433
16.21995556
1.55832146
1.78359598
1.88201720
16.63328058
22.90946822
0.37405928
7.85653376
2.16547530
19.18293019
7.09320204
21.76331813
7.73699325
1.46118148
23.83962499
8.83286846
21.50203354
11.89947906
4.07181749
4.05833122
2.93824816
3.16760684
38.26013474
2.68365284
11.40075837
17.26127710
0.19065195
21.57994058
10.70165787
23.24850417
2.75120217
5.24261527
10.16340669
0.35278589
1.94232584
0.97172248
5.28296704
11.99311207
8.58968155
8.17187915
12.43903295
14.10155082
15.31817594
2.64115260
5.73544716
5.68314993
5.95619162
3.08247055
4.61711408
7.56591578
1.65620759
9.92331611
11.34590456
12.46301850
39.03008657
4.41638326
7.78128026
20.59595836
21.41520625
7.76564494
26.96124010
26.08398118
29.49310947
0.23202157
3.95869920
26.63596045
1.14397655
5.76583921
0.03216163
19.05424384
10.15904861
18.93010343
6.12420406
0.56456716
4.87339549
21.30424227
1.66352740
17.50405729
8.15371663
6.96502887
16.81301697
8.73391664
1.67447730
12.71742643
18.18497409
0.27830301
4.66901976
31.31647780
58.96922839
10.13127080
1.56080381
9.98103513
42.12641844
11.57536230
2.75802408
3.62233118
0.09149047
2.96468909
1.22940589
5.22648161
5.51009941
10.63604278
0.24717586
7.69231662
1.33459825
1.19434906
2.57430660
16.04464272
1.94854604
1.73749173
41.36917516
13.84941422
1.52158703
9.61256821
4.21412537
14.05608847
9.65641880
29.26548845
8.05690620
19.52361520
27.04720209
12.65105407
14.57241335
32.45342577
24.82814196
18.64108110
14.16932624
0.16759502
2.50964412
9.47446510
12.34753854
2.17316543
1.24544116
7.94002674
3.43285660
30.86405993
6.80000724
0.49352016
6.63259503
3.66180927
9.72105197
33.18922677
10.88219157
2.52823947
15.20983737
5.01778133
17.58798572
11.66813443
8.41107217
6.73618234
19.41906640
9.02715358
25.60894379
2.57265129
18.65432508
23.02703944
13.63245772
7.47575506
15.07119925
3.56696822
1.46843441
12.56290237
0.11535210
5.38079006
21.78359186
5.86310803
0.37040368
5.43032499
1.97935717
20.96510848
6.09262778
14.50344096
28.03943006
29.26228969
10.48316048
31.07626945
18.82593817
5.79817790
12.20173997
0.30019998
3.57379583
16.79295372
20.78677246
8.65352894
0.31103494
0.76372022
6.40804156
0.80083628
18.41588001
0.14052165
2.85173519
8.31402178
4.41121442
3.00127557
1.11132001
19.03658224
3.85694704
28.02378717
18.41046276
8.97519246
37.28067154
17.05605946
7.02355312
3.44778939
16.26879785
24.46081235
6.35445837
1.54766300
3.43243214
1.43708215
11.58459868
20.04063331
21.68772236
2.57307691
2.20477143
12.66453168
7.48929540
3.39217228
44.21366970
37.45598066
4.90802433
6.99655244
5.78375344
56.08662664
5.94726487
7.76345416
0.89196087
3.03687663
3.34668701
13.40504307
15.09945287
7.65414362
41.28949858
22.32875945
1.20247706
1.31141190
8.73205602
3.21881705
3.18142961
28.46257260
34.86621409
19.20540104
4.51149627
2.73149463
21.81815783
0.52552928
8.52255029
8.81771227
12.37867258
22.82771140
1.15326506
6.86481871
1.55292709
6.13758973
21.32146067
1.35376702
4.86898371
1.25970523
7.38035761
19.65482452
1.81135726
26.87009489
11.68525808
16.14113902
1.54316135
8.55695549
0.48918411
2.69629431
19.54379555
3.82245043
8.17958443
0.76836899
0.47569580
3.41292458
4.44440806
12.98101798
6.05859557
4.91059942
19.66959454
19.51389565
26.60588121
6.19704815
0.58664124
0.04436435
26.94588190
8.10705996
2.31756107
61.29707177
13.12336314
13.05691976
11.24103005
11.06577867
15.26052130
1.58760014
8.91724939
13.76864050
15.14972783
15.34655102
3.87247502
20.45218474
7.01874366
46.25161139
6.91921032
0.12636373
17.26536936
3.51229207
1.21750069
9.24158586
0.58967904
31.54568922
9.21065910
7.02459177
2.94142749
19.23001981
25.40793312
4.39068610
0.23944218
9.46983839
2.28111749
8.90025190
25.67755548
5.45096164
1.69190712
10.47305857
11.61100477
7.39614845
12.10871737
6.36485329
19.72228728
19.77035718
48.38162839
11.86883762
23.89004436
25.75589513
3.84464825
35.47896214
4.24881196
3.84127587
5.63967849
1.87014569
0.15493900
5.73348309
20.60827822
7.27332473
2.96437388
12.63331426
3.36776112
6.06480102
19.83981357
21.21195884
32.34931527
2.95904524
6.44528540
13.51684297
53.94011378
0.99868597
5.99111251
10.45005926
1.74625962
12.38666602
4.09991718
0.34027864
3.58050065
12.63971073
17.68451383
1.73399555
17.64488101
10.50299935
7.92505651
5.56834144
0.94464298
19.66222112
4.97762641
1.86763004
3.38878366
4.69185544
2.72305918
24.54776207
16.39857494
23.67507405
8.67747730
4.95801797
7.17495135
4.74999546
8.49261045
5.65732415
3.70587923
3.66100661
4.37258323
28.51726529
17.79188340
0.98893837
9.93957145
2.54255981
7.52667140
3.66301097
32.09139396
12.08506600
3.41497199
28.06738522
3.32735218
3.59534292
12.85809160
9.05341013
0.06223500
27.50579061
27.23513519
7.13301255
8.30524281
24.99900842
1.13618833
9.68162665
7.04338418
43.13271535
2.16946282
16.78588568
7.56052323
15.73129886
6.56110117
0.39932618
4.71408694
1.12782802
6.69687658
1.47675852
0.99209052
9.93474559
0.98667674
4.21790465
0.49401606
9.10728505
2.83702385
15.15325256
18.95469862
1.15474595
3.25095423
1.93919241
11.30182372
4.54698634
14.08494130
11.11938592
13.39309900
41.97513598
16.86646088
5.46363102
0.42048640
16.59360274
4.30995594
11.13941337
8.11057464
0.54403091
38.75862001
2.92388616
4.47953299
25.71531847
0.93937851
8.32815692
4.56670363
7.61989516
10.90278485
1.27139465
7.50124515
20.53234791
5.51188734
16.64100833
11.14421503
0.74626617
0.39127106
6.49649454
20.70113485
2.38065633
1.72371577
18.37750309
3.82603971
22.52142351
23.30543124
24.58324512
4.91645285
17.94525868
0.07213747
3.43792202
5.74782087
6.28455834
0.16568309
28.76504298
14.52169784
9.64068893
0.10536927
5.16510869
11.33129888
2.47609076
5.26412450
13.16096112
3.97839800
36.09226831
7.99701157
3.13363553
5.66795481
12.86146455
0.04439251
4.15975543
1.50091181
8.22343619
5.36273578
6.33811516
8.84337435
6.31869571
4.57863713
3.25520332
0.77574643
12.95908798
0.83607090
4.99480193
2.64424083
3.55388385
2.28575841
0.80859654
11.49825126
5.86139278
7.61137897
37.38741042
6.01201463
21.29810731
2.75656941
23.50944282
12.58860341
11.14398996
16.34574020
21.69933205
5.89188827
4.29141216
10.42043031
14.11252019
2.06922792
16.08541512
15.61159145
1.18688278
25.92787200
6.42014089
10.06916278
2.69982146
6.16520459
2.80520196
1.00861294
1.81098586
3.25033235
15.50028902
16.44090384
3.61636467
21.04990991
5.86434137
11.29876675
10.24147143
0.96850308
9.15214539
23.66235728
14.90570429
2.93023212
4.57183630
4.94079777
20.21987118
9.91355724
3.02164430
8.17540270
7.76029139
10.71156981
2.92386081
0.32511788
6.75792364
9.60434158
23.16752769
9.67409341
9.08746007
12.15780082
12.17831840
3.11621153
14.19577239
1.31181547
8.01802059
2.96595984
21.16101752
0.99246623
4.78557431
9.29652843
22.47093693
11.10121498
13.69567533
4.09543513
3.27181638
0.36777484
1.43375526
11.17489097
1.59137477
2.44618963
11.91664128
22.96403587
10.02325813
4.39044898
13.23453567
17.41638646
26.96480083
6.06241924
6.74490801
3.54907437
2.89937575
7.04748326
12.26213467
4.19045325
4.55523323
8.90021569
24.71936176
17.25552817
0.20390768
7.61811748
7.07954444
6.12244301
0.39608393
3.08818760
4.68906360
3.50549792
4.80638495
12.21292723
3.89106470
11.41150675
1.14695228
15.68182904
7.22148159
13.20420219
0.50932425
3.30856949
14.70380485
7.15962420
1.71510992
9.47976177
17.96787787
17.38502824
9.94019230
32.62074913
4.82572918
19.48949336
15.87385155
5.77549602
5.68256075
0.59431586
1.25570383
0.27645240
0.61258230
7.33163793
10.20901919
3.20772163
12.05412554
11.71924723
3.89864877
10.49868026
1.52215524
9.00659911
4.90522316
12.00919174
11.19534473
18.31577708
5.64074645
9.05502050
6.24559695
12.47304229
12.38804841
0.60081980
3.28335683
4.58747089
1.63253410
24.20586037
0.52543247
9.12221153
2.97971152
2.65890677
1.44341531
20.15855446
2.99846415
0.81942870
1.03312012
13.13895576
3.03114686
0.71702798
14.60166568
12.13178170
9.88043076
18.11532962
50.88642569
10.91576831
26.41781261
10.52847729
7.51467211
2.71259148
0.87558749
12.16434387
8.29756570
3.04432051
6.74847423
0.08173627
4.82953083
8.76574153
3.62279066
0.44643346
10.13605169
14.06577131
4.28330719
3.34429592
11.60954375
8.18906010
11.14608477
5.14604363
2.32348390
9.37412234
40.32373160
1.22222987
1.86977157
35.04208030
8.64264004
2.51219911
8.04545248
28.56148682
0.18896667
7.77656517
6.31225460
7.55059991
4.45138806
19.85482548
1.28926811
6.51225926
4.51199119
0.09781901
13.71862776
25.27792006
0.81853486
4.07084156
11.53606760
9.61527581
19.46584970
0.09906496
5.47117156
4.89856704
14.16247691
5.01611352
7.09938689
5.10049423
8.42437664
17.56793162
9.64458988
2.60437615
11.99391951
2.02258230
29.49884992
7.68380241
10.69635534
5.82196431
23.84805965
3.39151703
9.78852597
2.43367925
21.25930666
16.79936359
31.30974489
2.50834781
6.10055619
1.41669206
0.84124074
31.40223977
18.68309389
14.86095203
5.05857469
18.46511320
35.99415085
21.61065512
22.49568662
29.43261074
2.74144765
5.77947016
7.55569847
13.73999105
45.08039527
7.86133226
5.27178654
6.89919152
12.18962098
0.59071372
3.87554825
8.07600488
7.77590952
2.47574927
8.32132889
0.49614228
6.66005426
2.59994135
1.87325984
5.95346049
10.79380159
0.08171244
1.17206728
13.28192063
6.29587074
9.66741875
1.33159619
33.88803890
9.71929380
14.46434118
8.28213227
7.63228758
4.20948409
13.93015874
2.85211464
22.24916106
7.49237183
19.61968848
16.21539753
32.01250561
2.15914453
25.34733801
15.69938661
13.27661272
2.11657125
2.85700568
1.24517597
6.95564879
5.29770081
5.96421329
3.75062902
2.52961460
22.82309889
1.32956814
0.66872488
8.05877964
0.28091046
11.48076578
2.01750642
9.93689354
7.55131581
14.32199995
0.58610848
8.12207876
4.99028289
25.19240561
4.71712316
11.22876399
8.15299570
1.75770011
3.67854295
8.16220148
23.35391490
6.77639510
7.68622140
13.74081632
2.74611478
9.87848587
21.02954448
10.00290185
3.19209720
14.85024805
7.33777692
3.57113385
16.05892268
11.74573933
4.22871795
13.05616438
0.12046960
0.32817984
17.47967440
13.24018223
0.18521299
3.52690330
2.49353035
8.53068066
9.69723797
2.46450808
8.20597281
4.20851897
8.66653137
6.68356956
10.83518175
7.92017137
13.47831836
5.12241273
12.72026064
5.55291930
0.45081426
7.98108251
1.85975233
1.29538219
3.48050530
21.57801919
3.29293571
1.72682713
0.79616840
6.06375100
16.13434434
4.79682690
5.87095676
5.13278385
2.05178911
2.81560622
7.86464449
10.47164523
30.86447869
12.07664732
6.62523085
6.58702357
13.44840178
4.79651537
15.83254687
34.82611134
7.89075530
8.87743391
0.75442657
11.21179844
32.93230183
1.82707432
3.57852907
11.70093073
3.36277052
12.42590595
10.87490474
3.74534863
0.62815055
4.22752423
3.11965224
3.40799271
0.86088299
10.85437111
15.13320474
6.69035187
15.67971987
1.94102426
26.74455986
11.93924998
9.00855190
2.54442697
28.03606718
4.45640791
2.95470817
15.31954676
0.65489189
11.02097489
2.35691392
5.91013981
0.21881915
2.45886591
1.16506149
20.38759550
15.49539140
3.14047167
7.13778364
4.62590407
4.61689321
19.89836212
2.07582961
1.15162261
6.46111662
0.76029743
1.30163841
5.09550825
20.01389010
8.06632484
3.91142808
6.76415888
2.06921035
7.68536288
16.30082619
2.80742418
3.32269349
15.57599439
13.70842742
2.03573682
2.40807228
0.20486741
6.55058165
27.54525935
30.90632588
0.45655423
1.72658096
6.35075733
19.60253352
0.56803344
0.65244271
2.32711102
3.02147889
1.71356386
7.58279428
2.41576711
34.50707711
3.34737378
2.58420675
1.38426084
12.93611773
22.16794817
6.26484013
2.67257895
2.11748272
29.09897915
4.52882535
0.62885662
3.04804623
2.05761670
7.99453304
2.64219960
15.68732823
9.35657256
4.29344001
16.42520169
5.70093515
0.08558354
14.90136814
1.39136245
6.72914741
6.85602797
2.56084881
3.65754068
9.38951508
2.76181708
39.34539866
6.55296169
74.05835326
3.46466069
7.88263179
17.96105272
3.62792446
0.00390798
16.61805533
1.20370688
5.47681302
19.37877008
6.41898143
33.95337814
7.20986794
34.90749984
6.15202207
25.73020300
1.63020689
0.87663896
4.38669987
11.23191527
4.41943460
3.19361728
6.81523712
0.19612959
4.25117332
23.27425155
7.03318881
12.43889831
18.94559687
1.07341386
14.20109000
6.29007561
1.09556798
6.74905222
1.93635592
10.58493781
8.17052615
32.57745937
3.58823097
10.45247705
7.18673433
2.64833875
7.14286393
6.79743326
12.95369201
19.49112903
2.89501706
6.47125070
4.69543676
2.55820640
6.27217799
24.82754751
8.94203740
15.36909722
1.67646418
7.97335432
4.53800013
0.15684567
6.75291938
16.38975706
1.21296884
4.45340339
7.44072474
10.41043391
4.96826505
17.15959932
0.35517540
21.04401790
2.79462490
3.00763989
15.75524481
4.18722619
3.78807394
5.52379225
23.41244406
0.50435223
12.04300886
7.79358264
7.45488080
7.48831011
4.52250790
7.73722860
0.43831736
0.43759943
5.51383943
6.25436780
10.81606114
5.69649439
4.74438252
7.28072644
11.01977878
11.24858693
4.80915668
2.59547798
8.35454999
1.67572330
0.87557915
12.65181497
1.36584748
40.84520736
11.93382615
4.05508236
7.20781285
18.06399071
2.22834490
26.53387370
0.37451070
0.17125837
13.69771504
10.85538171
0.19025758
3.11429713
2.51369452
3.44621107
46.72570644
33.17606357
34.59934191
3.59913285
10.68205110
2.03707080
2.56547105
0.62034378
0.42909302
32.09603671
12.35027129
11.48032964
22.45179307
9.22739011
26.76457997
6.44710158
9.84982768
37.95627134
1.55873110
0.57676684
1.85367649
3.53403450
4.21605112
16.59387534
9.02620823
5.34427930
9.10246064
8.50137955
8.16295479
4.63422597
15.41926135
2.86081378
1.30661091
6.03732714
39.56735003
7.99265301
3.85149984
1.25741836
2.05026099
18.21826671
8.20842337
12.74951927
6.99262656
11.28996908
18.43478947
25.27219653
6.79314321
14.68505797
7.52568703
6.38943984
6.42544899
3.83462772
6.98350431
42.06222019
12.59884156
19.34592354
25.19278444
10.56999537
1.79214800
34.58125793
12.48964715
3.16627905
2.17367596
23.00089709
7.21267007
3.14535567
2.92577659
6.23352774
4.91707670
9.03793526
1.40168590
4.50904808
2.28310108
15.68469192
18.85743549
13.11417937
17.62896069
17.69455869
5.61484000
2.41361196
21.72700102
1.67446078
2.08809355
16.20382561
5.01239453
35.75751607
1.18946315
17.59917709
0.44610101
4.76305716
22.97303503
21.17705684
13.87675733
2.40558074
39.04555450
25.97223584
11.44340836
2.60607000
0.01509979
4.74879308
7.19960630
4.50275270
0.13449472
5.11578484
16.50740980
3.14699214
0.71061294
38.99890284
27.29588396
17.18808536
23.16191794
30.38038167
11.39250568
1.18974786
1.05541493
12.08343071
9.18466295
3.09311555
2.19947506
17.92379829
0.42479515
18.48038860
1.14954329
15.11386489
1.59671280
12.41543873
2.03212611
7.35149990
20.05392408
18.36219828
23.66343177
21.23043730
3.10445858
27.13698142
16.23958960
2.76791527
8.69569350
11.20770789
2.15748942
8.79267422
2.24505491
8.30360864
37.87746055
3.95134350
8.59232770
1.37402320
20.05183172
0.97156910
10.05272961
10.81788595
8.02038685
0.67859372
26.34752644
14.32463969
2.37290386
13.13647509
0.80723096
7.33729338
5.69353448
3.32219567
7.45094025
0.53149378
1.54311853
27.40389045
37.97436058
10.61429676
12.69887387
8.51618262
4.88857449
15.12853597
1.33710421
8.15300310
27.84494908
0.81534336
3.89904412
3.41012684
21.09387567
8.18836411
9.11422582
22.27139269
23.99517435
1.33854467
9.85331041
4.63866146
2.32857909
2.70484341
11.89892505
14.21009614
1.53309532
10.57149467
19.49870131
0.18387721
10.68621231
0.14994428
0.44547640
5.76424105
20.00040542
1.72074586
4.71693501
8.93075684
7.68829899
8.57833325
8.95157223
5.25662753
13.31342510
13.54706162
4.87560925
12.33730033
0.58215754
4.88589233
4.24198609
8.80681163
15.51529806
13.71392123
0.51274891
13.80527066
0.00848172
4.63631594
25.83107217
9.41717462
0.24594453
3.86937441
5.38611404
5.68470393
3.02815121
10.52576966
14.19169162
8.33716736
37.20812118
13.05550003
6.88126648
9.71802169
4.42112407
0.41581096
15.91303866
5.61962442
11.50296476
2.63797216
0.55686209
5.65397257
17.99877604
6.21625574
24.09802754
11.40177190
19.55318943
12.08215126
25.66463839
4.00885044
7.51233436
22.66472214
22.29852552
2.33186148
1.65712941
42.70921913
22.97985406
15.64390998
5.57325896
0.11419618
3.06152812
4.98515792
15.18041710
35.89559029
2.37046346
16.90489792
34.14269300
2.23220645
18.97018021
7.42488258
3.98783378
14.63025445
9.50909018
20.11314114
3.00795538
3.26553785
10.73184054
5.45148924
3.03500676
1.31261503
4.01222444
20.29201902
17.94693154
11.95734753
20.55108897
30.23047287
13.29567671
1.16879692
0.99774668
11.73676468
6.05738793
7.72450685
9.65497153
1.35234944
9.74193736
23.68210527
1.70506115
7.91390030
4.49360843
5.28852828
5.49193321
1.75724196
5.12476743
0.80193255
2.22695763
3.67793800
9.77847328
9.08350148
0.02737363
5.33186014
2.44368203
10.71756510
3.30187864
11.06713299
15.04683492
5.15284572
4.08771353
20.53846158
52.56245450
23.10903047
18.40055013
0.03686248
3.93264461
7.46450741
14.10819472
6.50450780
18.92614899
2.17465427
0.04919955
18.47648343
4.13661990
4.56177325
15.49290422
3.88845181
16.23169669
10.33627493
40.98626568
79.01134933
4.54604770
9.67886893
6.02828482
30.62693948
9.09735644
18.47470775
0.63744005
6.56854200
4.74206393
6.47317252
4.81604391
2.21464934
4.00174025
24.85543172
1.73016153
5.35925700
12.66161806
1.70449115
2.71523930
21.55739402
12.51979475
8.85894428
15.99715028
5.29345242
16.71569906
0.89799167
4.88205982
8.73236273
14.77901317
0.38626747
4.26993249
11.54955527
4.90680976
3.25245547
7.72783320
7.14934894
7.80571932
0.52659830
4.28690957
13.47699305
8.88901620
2.81149617
15.59371717
14.21858726
0.62570591
30.14866147
6.43474931
16.75388987
2.10816346
8.43988404
19.35849184
3.16278931
3.09411446
4.41768780
7.32529400
12.32792278
4.12711786
6.42684801
7.57304131
19.26456303
9.39643904
17.75358753
4.98415016
1.44629098
15.64915255
27.53427548
19.58768311
7.61647177
6.62398401
43.99895052
23.29413373
0.78032071
37.93110101
14.83700941
29.87181697
11.11260653
6.16776473
1.91714995
2.49251546
16.55379304
3.61488443
9.21322021
4.01699950
9.45901024
0.85551226
33.54223587
1.76911043
7.65820147
17.18171789
19.94304124
4.92094429
10.75952249
14.08780111
26.38111072
5.86929792
1.44317288
6.66298761
23.08935704
1.48758997
12.35200713
0.77959742
2.31252482
17.50478502
2.30741156
17.72218301
13.73397897
4.43895267
10.75773847
0.04584846
0.39182999
13.80667128
6.37398869
2.23321637
0.72572194
0.88615565
2.93142062
7.49113240
7.97936741
20.48398899
1.19346273
7.10690760
6.75604759
2.98714298
14.81775162
22.55733218
7.95142958
11.55569047
2.71714576
1.91713602
3.52971532
5.35441138
14.54808012
23.25264244
8.46506951
3.09152314
26.42502351
1.81139425
13.14323153
1.75132487
7.00964932
8.07694969
4.30836791
4.25012885
1.52372295
11.80868487
4.11523700
42.29201699
11.38350328
24.96321833
6.25974324
0.24224467
6.90051202
4.80925564
23.93376180
19.15335344
1.36655185
34.91114350
0.10009230
4.54406386
62.54954153
10.25988613
1.83394483
10.45573533
5.38442490
0.09961895
2.83241261
6.54949465
0.29188276
7.03008309
43.37506418
0.46654458
8.80681680
1.02603815
3.82487803
14.28503310
7.56180169
5.34960810
5.82151311
25.63319565
20.33093653
2.16430774
33.76615910
48.28172148
18.39665893
13.49696828
2.37877070
9.72273210
2.90546480
9.96685606
10.75903246
5.56554768
16.63386108
7.34517095
28.87280970
3.13309649
1.06729319
0.36944301
11.11420673
8.09872768
6.27437244
1.32134478
1.40160612
1.52875661
12.61881526
15.39367954
8.32485630
4.75655953
3.81419151
7.98072243
1.10493511
32.19592314
11.21872698
7.10849684
13.28978399
18.48010595
8.16813274
5.11269207
10.35019488
14.00442037
3.27875250
10.13050248
2.55103903
14.80614386
6.21348317
10.49163751
22.06916571
9.78381172
18.59112738
2.23519429
10.35863238
15.25618419
16.47298773
5.32494181
5.61790492
7.61927385
15.50873653
9.24309413
1.70920241
0.82145595
30.86111082
1.00330144
7.24223278
5.07531371
1.87535772
5.31632921
0.69257459
9.07623036
7.68194506
1.25762091
13.23093767
2.82383383
3.13358623
18.42651098
19.78918968
5.65178229
8.75512252
3.08095703
2.46114140
19.84398822
1.04458022
1.05396344
2.45638874
15.08814249
6.47436721
9.07460012
1.89084787
10.05563722
33.65269330
2.27652646
11.41862985
10.02330044
32.85458153
3.90550109
4.56864658
9.59167746
23.85905975
31.94485596
1.99708833
17.57429089
16.71022144
11.37079427
12.39526068
0.11762260
22.57436704
15.32084458
11.58342961
6.79091454
1.92737683
8.21502868
15.62923122
9.73208598
0.08111045
3.11757907
3.97956678
12.00287838
9.37668596
1.63390662
36.30418918
3.41528610
21.18661601
4.54051120
3.83438020
8.96748926
11.61244842
0.23460548
9.97487452
1.35213308
1.29396499
0.67668823
9.75728311
33.48664325
0.33895656
2.39808300
15.18933759
8.37938754
2.00736143
5.25547375
13.47011034
12.68031617
10.28981527
10.58735775
28.58635829
5.29390005
25.27567437
1.83100903
2.67745301
3.06906792
5.87372105
2.74541445
1.42585913
12.55613905
5.60818276
0.97440693
20.48377470
1.92568740
4.63460265
7.44134706
2.22462488
3.00471069
0.72195086
37.79300090
2.15599898
5.53659654
7.73148678
0.79688228
6.05075485
2.16767785
1.34777454
3.70841555
3.31316048
7.12886293
6.97336714
5.11396514
13.18825930
1.23291911
7.07071860
17.20928568
0.40637874
1.65014894
14.12771949
27.22188960
3.60835733
9.09235170
21.90711666
3.74760908
2.98294246
18.02781872
3.69301343
19.38948966
14.30719214
14.68683108
19.94979169
17.28132084
19.79307992
6.26444268
3.30974581
0.47837654
13.40989263
6.19425597
2.60087733
5.55157835
76.03715093
14.57550816
10.24126398
2.88078217
13.07071614
4.16967414
7.45160606
11.11790807
6.02779747
1.79951300
0.42800037
11.20918667
3.51620516
3.97057833
13.89234406
22.66662549
3.88462799
13.75120861
2.72446862
4.72883968
28.13115422
0.53944767
13.92698802
1.10934384
2.84171554
49.59027473
3.37393779
2.41522330
7.60573952
8.56879953
3.25181799
21.91760235
3.58987372
0.45378468
23.58663008
2.99019741
2.02839047
25.31418688
4.44533256
34.95936926
0.54358859
3.81126512
23.46360521
12.35071895
13.88145189
13.54912586
3.15735552
17.60034612
0.59557893
18.89739294
4.87417542
8.66095964
8.15460163
24.54103422
1.51360363
5.34974435
3.61905719
18.82603838
0.88411375
12.57252733
5.37269981
4.19263735
28.36399101
13.19117785
19.87860308
2.38586348
3.53553441
4.28245463
14.35873617
6.71722572
18.28990817
2.57291481
20.39837126
25.80711379
0.72790949
2.52199636
4.31699629
2.25289238
2.59505119
1.33146315
0.97874158
24.88482350
8.02288172
2.45681799
4.36499466
9.73085166
4.23631032
4.74589115
11.73482923
26.48574963
12.50520557
15.54123816
11.13611710
7.71417729
17.58398908
16.48714481
1.95004635
1.44493760
7.79527889
1.96218213
5.92639231
16.85461968
13.49007327
4.21924902
9.75624030
16.51567294
10.62731174
15.11352920
0.18415935
15.78501896
18.73200011
6.88370019
10.78856240
0.91330779
4.77725756
37.68037017
7.47825264
6.82200192
2.56744415
13.77662660
5.96871152
0.59484194
13.19693276
4.06741931
4.24030671
25.79640798
2.14705782
44.34522752
13.52853564
8.26673838
3.88719351
15.45341266
20.62068185
35.02513102
2.13810186
11.57327822
4.65317051
7.57842691
42.68473688
0.94932779
4.81910341
15.35232333
9.31211710
0.42039510
45.76001933
4.90668698
16.31894042
14.63347373
2.77145011
22.25567832
6.61402033
5.81845498
7.46983260
0.73482095
7.06100363
9.32431099
12.97468246
5.27508998
13.84115269
23.57812997
5.04084793
1.79822685
57.70729684
5.82946087
27.66160952
6.95991184
7.35644570
11.03772037
14.24031722
4.43917802
15.24786211
7.13987964
6.78463943
7.05717159
4.07308303
11.50717746
5.72936338
33.45742624
4.36197230
0.15807644
3.33210361
13.42798278
3.17291223
12.55237557
25.25822963
22.19839488
3.77500691
0.75903391
11.21280525
4.80069030
9.24911051
0.62009794
2.83688202
21.73216801
31.01048742
12.24588804
4.94097549
22.11973380
3.35778718
1.23842850
17.39971920
6.74417244
6.95912549
1.57765244
28.89336687
2.91481394
11.54683117
3.97327268
7.99561223
6.30680712
1.45450579
5.20602007
5.72647529
0.02636273
12.82158535
3.35830806
9.30798618
7.11307757
8.60789369
4.82823977
10.03438497
2.04688931
0.73908659
2.48632747
16.39022561
5.86351690
31.10583134
0.11018091
18.90711211
5.79184844
2.24421556
4.13552438
4.08954340
5.41595273
16.61604260
6.87898190
3.87520656
2.43230075
2.09817674
24.07267451
8.15864445
22.59335512
0.68992038
0.08425094
15.51454608
19.15879823
0.93022024
3.70868032
2.07027443
8.43126662
16.60249697
3.91020535
57.13901516
12.64035792
7.23130466
5.64455172
1.10672515
21.52959443
3.72051999
1.91705450
0.64264094
16.06518278
3.95470564
3.73221512
14.05253722
9.11960224
23.33396070
2.99262360
2.80083353
2.41085450
0.23302759
23.66558580
5.07564441
28.93369932
2.92395549
5.93759278
4.04597865
31.47702816
1.40110650
18.20486506
39.84195244
6.26283919
10.33324439
6.56174475
23.78195108
2.29697963
13.87085499
6.81069540
4.09260343
0.98562654
18.20488859
0.82703255
0.56904596
20.35906583
0.82395769
35.55041207
3.20108099
16.12026881
4.66036232
8.02456207
7.08960870
25.96215828
9.17189307
5.57613816
9.06047154
19.29205342
8.83817736
5.94826607
1.00876818
12.00117286
6.07101957
0.26225695
5.97476294
16.85880721
1.22904680
10.04280468
1.61844896
3.09448824
2.81059138
1.50598040
8.82963110
11.65008272
11.84868949
2.14567992
3.42800006
12.05054190
0.27358730
10.02221089
4.71522456
11.67861264
30.40683591
3.91960577
8.43675380
0.54934302
10.65008503
3.80299254
5.51664187
3.05473439
5.02798851
14.92473420
2.68291758
1.58673004
0.02998124
0.05762613
13.76459262
10.09428386
1.90877152
5.02631584
6.04982499
8.98188717
3.39645372
1.86702041
26.98130741
4.78055520
1.57161612
7.08900530
11.79468382
10.19004010
20.12465405
9.62556147
4.60127117
0.32583406
2.49483458
7.93954556
2.89636599
4.35582057
1.49068830
2.10057844
0.01425029
1.85676808
4.79791378
1.13628243
0.71207620
4.89531830
6.17192489
0.50468712
2.16586357
3.74325159
4.01742644
5.88707015
1.90623420
14.06449322
12.18048250
21.29654563
3.68888729
14.31830613
3.44213675
1.82715151
20.10817149
32.36787342
8.61083488
13.79548625
5.05404715
6.65750328
8.08002364
2.06888358
43.47230774
20.70572054
10.39547798
5.17347047
14.73572467
9.13087456
4.06841454
10.41221016
3.06213374
1.81019500
9.13840380
3.42996012
4.16981369
3.31699280
4.57471253
2.09676496
4.24412993
9.29136566
6.13022134
32.84252598
9.29168318
10.61365089
5.23429538
2.08566803
16.20669005
8.46821514
28.96464414
15.68451727
8.94876273
52.61247196
0.07835410
1.27381959
23.17649917
80.24692229
9.70371261
2.57622762
0.61746301
7.12072004
17.69375676
14.91571298
27.87474126
7.05044748
21.08206712
1.63348208
13.51723747
5.52302340
4.71533948
2.04165362
5.16936362
22.62964930
5.80647831
2.22975137
2.71343369
4.29490619
5.01218494
0.17562325
1.39405228
4.58256223
15.88919334
5.12754561
10.97886337
1.29881098
4.45128862
6.13341955
9.33970908
8.79210280
15.14676693
10.58440915
3.47931906
13.38060696
6.65641627
1.96833263
12.85424012
8.76950436
11.80193274
3.40575651
1.88486131
4.85403681
3.93841450
8.15003101
11.19417291
12.49604410
3.89467867
4.79553342
13.32688939
2.21341056
9.41708924
2.63173934
3.48808066
5.55234466
7.85075465
7.72583157
0.65984491
14.52257881
5.87683460
4.96431082
6.87937311
35.63241110
5.06355793
0.66899845
3.43057399
11.92350784
25.07476804
8.22524473
15.38153667
0.68957863
51.42689997
13.24498290
2.13305360
0.37634359
8.03441430
25.96624510
3.88663143
7.68461254
25.00447815
8.48539366
12.40449221
9.68319474
2.39018767
1.65744282
27.57895176
4.92617528
12.82340603
14.34689487
15.59822970
13.44934790
17.70567193
20.89834150
36.94632733
66.32193481
3.45393170
1.21547542
5.17578298
1.50311093
6.67456594
2.47712775
21.20765435
37.42905454
2.88501556
11.00456263
7.12844456
0.77983822
17.86746880
11.94317356
1.30366646
10.21369400
11.19007898
6.21882828
1.51236127
22.38750835
1.66716190
12.50564637
12.03942619
2.14075574
18.22748022
23.41199259
2.39953751
13.36023886
2.15467240
22.75767021
0.12032082
14.73048506
1.80443662
5.06449549
13.22924961
5.59883711
4.69111744
4.07424305
5.58314443
9.00405558
5.01887627
0.18176064
27.39273880
1.95722682
11.58102954
36.77097895
1.57903962
10.47535666
6.58519336
12.66060690
18.64903936
28.57930770
0.26929597
13.70291203
4.84965206
4.59295469
1.48612317
12.84544970
27.41114164
9.90974512
24.63221643
10.51518884
6.15916990
31.38728426
3.24722148
2.89470866
22.11426649
2.05512598
18.09075484
8.60760503
10.12201395
0.35645103
21.97226882
7.05441904
8.01203167
18.42243712
0.94640608
2.60310023
11.19239284
6.96108281
53.97161592
10.32705481
16.84528725
23.28133530
13.82486715
17.90306766
4.83331025
29.31377543
1.93449188
0.01625796
21.58304106
11.12830164
1.82505614
16.68408350
2.92684697
8.62333853
8.98250071
3.54994714
1.96147574
31.28320870
5.33474722
3.20134464
10.50558281
7.16636490
9.54283667
3.25281857
14.72267843
10.88898198
0.50639018
1.13920120
6.65230549
10.37136325
3.48076164
24.62307978
0.70343643
4.90867038
13.00588876
0.18881423
1.64981916
5.01162300
1.69677973
6.22030242
3.01053828
12.59752305
8.60825144
9.71735969
22.91875346
7.79171809
11.74130728
0.16933066
11.94513722
5.30486244
8.03800227
1.42848574
15.77961002
0.16499474
2.95298472
11.31292456
5.90327578
14.01176788
1.10702754
6.02178962
14.46877715
3.38539920
2.42193191
63.01446086
0.04213457
12.09483217
1.39789921
1.96025683
5.92233198
27.13108264
10.69138810
1.48196175
4.86037652
7.27003167
2.75753719
0.71623343
14.27277358
3.18472908
3.70372359
34.50136519
4.17767978
4.87310627
4.63397649
3.58997492
0.47644579
9.32726778
11.70899445
33.66597014
5.51099903
11.85050883
0.86377392
17.33347345
5.30268085
21.78110639
1.40703608
7.33531213
2.64029136
3.73581142
15.82941222
17.12407686
1.52486358
1.69288975
5.71340572
3.24845225
8.93361645
1.54695302
0.11597116
0.08365324
3.65756550
15.88055922
1.82550190
0.82231472
1.00677282
0.45975457
18.96886949
6.06995529
5.74203859
2.97809136
15.80508907
33.86736405
14.29125211
9.75313204
4.21547784
0.36575904
41.44854516
31.51029522
9.04121177
10.78977765
4.18885484
1.51436452
2.11553702
12.01146600
8.87927136
17.62628899
37.90070827
0.62796670
20.54165239
2.67963033
6.66167362
1.41974199
9.90371327
19.04951247
1.29921790
15.81863869
0.23470311
16.11522390
3.16745278
6.24536758
0.99834893
2.44026602
7.42414577
0.30877844
22.02459568
4.92548169
0.52421509
14.16975461
17.65923498
2.67993476
4.23732785
22.70182877
4.81326975
6.02591034
13.94302256
0.26522596
0.20880526
7.76043055
31.83141773
0.43954568
6.29392616
2.42146622
11.65814811
1.63031625
15.63317070
5.10909449
4.49069942
1.19823817
4.25555279
11.00683081
1.66002776
0.82379086
3.55757363
10.99476674
0.49639623
34.73381577
54.62150501
4.13204145
8.89670149
21.22977549
18.43544100
5.45977645
2.65050049
20.94137358
4.67525790
9.39897915
1.43011533
4.66589987
1.53813309
33.36464241
5.59091320
20.54224512
13.84278547
7.45230991
1.00299730
2.12881557
3.95627311
11.27655832
3.73798044
15.28053261
36.42764084
8.24180534
29.44497895
7.96631012
7.12168207
50.13388307
0.88821527
31.67905430
20.64822657
2.03900626
22.88221777
3.27994821
5.91379002
13.23832381
10.39145880
10.90016477
8.30024066
4.19531371
12.83502974
0.34917835
5.56379954
9.27067016
1.00984638
8.93335243
26.90708200
3.90952184
3.74244535
17.23800989
12.81323247
8.28948314
4.78546449
16.16352262
11.58845772
44.67962256
0.29823313
1.95988968
8.20409760
12.57693076
6.98203912
25.57810514
12.23416369
10.68481282
0.56033146
1.26606536
4.36388242
16.92713978
11.88135081
3.80358943
5.28221094
11.25165756
11.01341244
7.65770680
12.02037655
13.45135016
6.73625190
10.98550258
27.39470762
14.84393281
5.47298329
6.37371747
2.19278245
2.82467457
1.38417599
3.07316092
2.43191295
13.84726146
15.82663862
1.51872833
5.11992285
5.00551846
32.66832080
15.52045219
7.21396419
4.69854138
12.63095638
5.27438877
25.53970636
5.59657519
15.27518674
1.79902222
1.49294140
3.25992802
1.23831084
3.84557884
8.76112451
0.40097345
16.55047104
45.90410601
11.24807965
42.25321831
0.24000249
5.14654894
1.96970074
7.91222032
7.12338283
6.09801350
20.20043759
51.15119316
33.44118340
4.55227305
6.85777497
35.38883343
2.30712021
1.30748640
4.22317927
5.35490253
7.99824126
3.67304943
5.84457212
27.62106872
15.58924744
1.07003893
29.16392082
20.49967924
4.18293013
10.28679646
29.44855555
0.11326505
8.15313913
6.08413254
35.55533348
4.40332825
2.25119754
2.32111358
2.99331088
13.58372627
19.97010763
9.25162387
7.97373236
2.90111959
0.82572139
1.99429172
5.49591040
2.52187347
3.74473341
1.77718151
54.77196191
10.18140279
9.67117471
3.87184621
24.64041595
9.60900895
0.52986251
17.21274026
5.56400897
10.98495933
14.65547499
3.94292310
1.88410509
1.30968304
19.56436354
7.35853100
5.77413400
9.21704782
5.46403564
1.85557104
2.29862853
5.94150949
3.81089642
8.92072996
1.17782286
2.40551057
5.52018002
2.45653560
0.72451687
8.32252918
12.11701554
0.15930519
8.67745751
13.40908321
30.54863845
7.88520488
5.15190206
9.35329982
7.86704919
8.94447743
19.58075702
8.76408737
0.43236895
14.02216404
14.89613712
11.90958524
3.48118687
19.31897122
3.32471101
8.10958107
18.48092310
10.84870526
3.20411915
10.58544403
5.33231168
3.31123047
6.47212791
6.02703011
10.62315435
6.75498204
16.92298473
15.15884421
0.13986399
3.14775166
8.69841213
3.10451920
10.77157749
0.05536452
6.40639610
8.79595401
9.87928022
6.05887717
9.84006992
1.53917001
9.37396422
6.29846359
1.76328646
2.88786539
17.25399211
0.49066309
20.84934280
5.28846892
3.36320483
2.00211884
14.13041262
5.37746663
1.37478690
13.49156404
12.33823011
2.94768413
1.98954107
13.02405754
0.26432873
1.88593377
0.43693065
8.64709796
5.02127181
9.16051280
2.58951137
22.55264170
15.91839043
6.55637262
9.95913639
3.48482743
2.92251632
0.75941042
0.03718225
12.43304711
4.60966642
2.77413055
15.17715260
7.43912052
1.04474638
10.76980967
1.53869398
5.27632562
1.34343394
0.34569442
39.00348202
3.98615604
18.62531605
18.77137207
5.70373137
2.76624413
3.67610788
12.95848588
3.45597804
4.62699813
3.73481924
20.24584725
3.97879688
21.35812010
7.68680773
6.33263524
36.24227008
8.35522426
7.53155819
8.60854730
14.69939747
25.00307760
3.31252280
4.95580446
2.89706987
3.21331549
4.20767655
1.09223010
11.45334335
3.41390237
8.31231196
8.22767244
4.82116150
10.06678800
19.86849160
6.11417948
1.17206042
17.96125515
8.76117168
6.87752011
13.40661495
15.75600682
1.69835558
6.03039563
0.00220755
2.79630820
8.73398897
19.51180311
7.56360275
2.10912456
6.98535426
20.07192758
4.66240335
2.79839823
1.25260630
12.17233365
7.40189521
18.00335240
0.37506387
0.06884845
6.20976238
11.27382553
3.25854213
5.61259572
11.85105552
9.48594776
16.80449827
25.32049623
29.01637227
2.45845378
20.49798354
0.19437986
7.35138959
9.22743260
0.52807886
7.71406671
2.50609506
9.94006610
6.16406219
9.54972759
10.47131221
7.42794031
6.47517791
6.29807708
1.41829149
8.85194430
13.56975183
18.11352087
14.31163517
0.68237333
8.15297241
5.83450511
6.88731845
30.08560884
1.68990217
4.10123112
4.87998903
8.76105082
10.01499526
15.00447049
42.50594504
0.65174792
14.38962734
2.35772825
13.09208839
11.04074871
3.26164785
19.41376377
5.92371297
4.19555942
7.97931729
6.91915737
8.09470475
5.10357512
13.57801095
4.67574228
14.37656928
6.69132445
5.87304604
24.00867854
9.24919935
36.38559668
22.54394638
7.44538598
14.93656659
2.38736170
11.84289009
20.58232699
16.36880478
4.12846357
8.46852602
5.64418990
8.46180938
14.42361695
6.50255168
7.00952095
25.13816814
0.03237142
6.84905029
8.13863846
0.60102288
10.21848574
1.89035491
1.62488153
22.16869873
9.08893265
11.95230011
0.80592412
13.46248450
10.71397608
0.84238017
41.33659595
1.77905156
5.84315198
6.65609624
10.46293971
21.00168739
0.49916257
5.06823539
1.20990800
3.57371714
16.03589957
9.63150888
24.09105502
1.35595038
3.08044048
5.34632202
13.67529399
2.27929651
1.47759895
1.08755456
13.09918245
2.24228968
9.77181174
26.55502515
10.58380717
14.59531701
2.90269505
6.49334497
6.94648392
5.78691919
4.28730224
3.04140273
1.32930787
38.56117038
9.49423258
4.85244927
39.26548314
7.94050328
8.67672877
1.35413368
14.26520404
8.23727380
7.10489344
1.45614627
0.38977495
46.08672752
8.30432667
18.47098168
11.42899784
0.62437755
10.11319947
4.90885221
0.66822527
12.58430638
7.90850566
15.48519689
38.10912607
1.37589387
13.21142420
5.07127202
16.07333351
48.64770720
16.23128249
20.31298303
3.78130505
8.65142750
11.00366020
2.98012111
9.32072502
8.89377226
31.67523883
2.89409979
1.19946191
11.86797247
7.53660804
1.50347741
7.46029878
3.05870287
2.90711256
5.90731779
7.29367869
8.69801283
38.92413229
3.25714446
4.62829732
11.58141432
5.80272694
4.43458709
2.72094380
0.16071157
1.31548053
18.52990987
3.14515771
0.20053149
17.05251639
6.23744793
51.55313897
24.16929975
0.55088773
4.72294379
0.70021153
3.41915602
11.89611722
8.41972601
2.54847720
3.09874722
1.55873655
23.49836833
12.92268268
22.10873349
7.48458540
3.70981329
16.24411356
3.29183025
4.04983016
12.12875242
12.39273283
5.15273150
9.02514078
6.07501364
23.05738769
9.69954932
6.71965109
10.31896531
8.49131605
0.34847389
1.07407432
1.51081528
0.09287514
2.69072266
1.87476566
3.14685370
7.58258808
17.97460714
12.69767865
14.23901589
5.37040745
10.09256622
13.84351869
1.67531283
2.88584238
0.51304523
50.51950011
5.52277922
10.03114625
4.96423598
11.69150813
24.43786794
6.05256433
3.09619792
0.99936238
1.85309235
6.91688187
0.47873513
6.34146892
2.64320653
0.68232868
3.70095232
5.62621785
14.75522712
0.49559932
13.66975073
0.08160895
10.70835204
2.66392695
6.59312682
10.12704173
0.66030513
0.38999885
6.58252700
0.14689272
8.30010682
6.42700790
7.31158957
11.14492169
2.24689025
5.98144542
16.65199551
0.85530827
2.55041674
25.14047687
4.48314032
21.89388997
9.04163945
7.07390647
5.24793500
0.46879824
19.79349996
1.65437017
11.28424268
2.86668647
2.21309074
11.34094033
1.51247226
10.30774405
6.34447852
2.31662306
3.92609450
17.39057477
13.43143967
0.09719964
15.86245923
11.51998308
1.13001068
5.18894462
23.26250625
12.60011126
21.04776330
8.95701674
6.96662219
8.41407519
4.71392422
5.28800772
16.14916459
3.38417382
5.42906834
2.92678910
3.75266091
7.31659481
2.86852374
18.59306991
8.82951982
7.70969228
2.39435990
1.78221578
5.64713496
1.45455275
0.22374130
3.42079910
40.94910135
1.56906777
16.95791882
5.09764638
13.59548687
5.51034400
33.90177989
6.75715697
1.47283029
12.78717666
23.07377038
5.82954756
7.95043372
7.48562879
2.71215099
7.40494701
5.32576783
0.57636139
2.72388762
1.35587473
0.92435904
16.95425113
7.88474932
5.47009558
10.52935933
2.50707215
4.63412285
4.22189283
3.43866822
5.90096860
2.25689507
4.53348787
13.08249044
2.95150301
3.35408904
8.02170165
18.99288577
12.75595574
22.17117108
0.01186853
5.96892849
14.55221566
7.40622638
11.52729316
4.57744285
2.76855979
1.88315136
7.71443946
5.83144605
33.05266554
1.52513555
14.67043671
25.94987501
22.47880425
1.10479099
0.00713359
0.47516160
4.07333301
6.98616308
28.89419490
18.99500930
0.98266948
3.77241424
3.29684151
3.01836430
24.40162831
12.54570937
0.57135426
21.00990951
6.44271340
10.50733795
7.33774022
7.26079481
6.30332107
18.52752178
2.03083957
5.19873751
14.36697691
1.15358704
11.96184181
1.36978403
1.08881834
0.21380879
14.24474641
2.42182189
6.42564321
11.79787068
0.29283516
0.24539985
19.36757562
15.06522343
4.77974610
3.27436605
0.81955649
3.73951369
0.31193728
11.16671940
1.16771540
5.54188016
2.26861255
6.95600448
0.58641818
15.25530845
2.32418958
1.99101005
18.87845965
0.27418956
13.15034823
10.87043229
4.09886195
18.98236818
8.42076016
4.37289516
29.92161463
8.79507494
36.05587713
0.45488106
3.06817252
1.35751746
10.62551492
4.21605909
0.49255760
12.80547215
11.49766171
3.45489149
2.33800228
2.48727915
8.22334040
4.32648492
5.97698697
3.61858027
5.22287263
1.98519254
0.08890144
7.34534523
5.28219243
10.59012140
18.93891169
3.36806009
3.82969835
14.16059252
8.04114076
2.24376930
7.11438080
13.19672596
0.20442042
0.48917753
8.00045796
4.92938693
60.85124938
20.30362590
11.91301005
15.61009955
7.12050780
19.06279188
15.31543297
17.66287645
21.77538361
10.46785393
0.94328957
12.60912526
2.55970870
4.76276866
13.90597504
5.81685306
0.13193795
0.84372643
4.08867126
24.00922172
0.04661005
8.72635880
16.95679372
29.58739235
13.64498744
0.09134992
17.87763483
10.11338359
5.16886480
2.89919306
0.82290281
10.42340087
9.06963065
1.45224061
10.55320892
0.73309708
36.55256827
5.01922205
60.89812001
14.05316473
6.50555559
5.45736828
9.90651468
21.04338456
1.23445018
5.10779562
17.02538744
6.65632010
14.12372889
5.40966068
3.07561277
9.98623209
36.25237857
2.23018953
0.98349865
10.95171202
17.07828063
2.60676915
0.97301141
2.55240240
2.92092247
8.38304836
0.94624482
35.55031433
21.15127428
21.98129000
10.15450903
3.40449133
10.18176177
16.69053770
5.26042260
20.95709884
38.95520688
10.56375550
15.14897435
2.18313305
14.44644568
8.68933158
13.36989153
1.83086235
7.60415648
31.46628885
10.10874204
7.88573999
2.61015794
57.47396087
0.10883055
1.36464229
6.36077960
28.47890183
4.83723044
0.02879812
3.82034447
1.92566234
4.41679586
0.52553751
9.49358853
44.89648528
6.43240942
11.71893537
45.09067313
4.68814522
22.23501003
13.97115405
10.56872908
23.59749938
2.12459704
3.06823270
4.53105046
24.27220487
5.25401657
0.25834542
9.53517926
4.67294380
11.18080817
12.19421330
3.20458872
0.68185456
7.67517133
0.17266862
29.26541455
3.63029149
0.09023763
1.31970122
22.32470686
19.11137265
1.67852695
12.60653548
9.51472978
5.59753883
30.26878911
1.85848258
18.01021804
1.06639740
11.20122267
10.96420630
4.44324869
5.90734030
16.05256478
6.22814808
6.37482693
2.37172337
21.51031111
7.80139204
4.97633311
20.17846259
2.88368590
2.51969514
10.63020943
5.40108687
2.83106466
8.69812941
13.50444743
39.43891759
9.37881443
0.59477004
23.94718281
0.78260991
5.50592445
6.35580852
22.14214487
4.92549135
4.36308937
14.01124995
1.30401240
1.11739919
7.84515529
14.94170909
4.29965059
0.94765060
8.22049756
7.63203740
8.93291084
7.51022858
1.97496998
15.63030998
20.17627468
14.72277909
13.70531063
7.45556706
27.21112492
5.91025690
3.45220252
2.19802857
3.42339702
22.14665107
16.85461745
13.98460570
18.04628270
4.17296415
0.71341551
38.76232079
4.84924619
5.60278046
22.69955010
20.09693217
5.22128108
30.66996779
4.50997616
21.11224195
19.60627316
20.90924146
2.10266761
3.42190858
2.99479733
0.05032567
5.80501361
4.54740462
1.43928586
4.53004515
6.80257295
2.08630043
1.54078678
4.24008777
3.53897358
29.51739566
0.41511899
2.84650571
0.28802800
13.65780109
16.17661282
15.66497381
2.42529821
9.94348785
2.41543929
7.94039318
0.86290966
3.96076104
8.02217607
6.47563346
6.86230693
8.47485191
5.76881462
12.86471064
15.97034660
27.40893856
4.27986183
5.36363826
3.11522759
33.67264868
2.79972262
11.86020145
39.62951953
1.08548682
7.81166404
33.69776557
4.75872237
15.23193211
24.27254482
18.75783363
5.23677814
5.07504687
26.19189357
6.66733494
19.12540000
8.98378752
0.24453564
0.91530119
7.58726005
15.90171208
7.26210233
15.59605979
6.65012424
2.54835041
37.94429055
47.31015378
16.62606960
16.46409848
12.21306562
13.98747704
3.26228979
4.16814157
11.05573839
2.08093556
42.49981800
3.20914787
10.15659783
1.73134129
5.87019995
15.45104320
3.34593206
1.54446186
0.36655267
10.99860046
11.17379511
8.98352118
18.49193040
11.86100400
9.58211713
10.04539644
2.44531309
6.11275485
6.42727442
0.08238699
21.83899301
3.26747225
1.18383313
2.18575480
17.89533737
2.28677099
1.58362510
3.85588963
15.86013644
10.79616486
8.13818717
32.02950538
10.08054165
5.97699819
4.84572185
28.27354079
1.63350041
2.01447203
12.68516545
8.49615802
9.46927578
12.89687737
2.13805075
3.11023636
2.42000079
2.38783140
34.49721689
3.62700241
3.36916231
24.62629340
1.69584343
30.43396650
16.10927058
6.78602329
11.72120386
6.01775660
7.63516991
0.79597854
6.60673380
30.39212478
2.66397618
4.02017139
29.49252361
27.41640497
6.93409065
5.75240645
18.57571761
12.05282137
1.62243799
3.71879369
6.53434620
3.65773532
4.25402481
10.08096975
17.51103420
10.72592134
7.64117601
1.68064287
4.37463285
28.86980417
14.21397669
25.02764845
12.32868017
2.93481079
0.40066591
3.17767354
20.18098623
7.56124686
0.34812084
18.28876763
8.40189489
24.37615815
3.00407979
0.09414993
38.05045826
2.45481907
9.17853439
9.04438107
24.49085067
9.57231796
10.18587855
11.33749933
2.66387004
2.45620027
22.62292722
2.59855584
8.63629203
5.46226767
2.70247769
3.99922745
2.12173981
24.84977119
0.63201945
17.89793923
3.44306880
14.72586668
2.83550034
18.91225041
5.74561819
11.69738453
38.13645168
6.12603038
3.19943514
0.79085784
8.64011214
4.49014460
1.21639889
5.17854948
15.00730986
0.48546815
2.98460197
11.96758233
6.34674350
4.12086241
0.57573258
5.76045632
7.79113092
4.37330982
2.70866917
12.55239436
8.09339781
10.46880110
17.37954306
9.06053013
8.10003020
25.06233645
0.14402690
6.97961018
1.04374741
3.42622133
25.04263786
39.58125483
9.39467885
2.75578416
7.84129276
17.66734471
5.38409434
4.46566794
4.92279477
10.83133327
0.46757825
17.76022895
4.73963700
24.43955149
0.36663884
31.13527081
2.15825901
1.48268128
4.77475329
17.83130520
4.51048766
8.01883660
6.16957131
55.78819821
14.05807727
3.33655085
8.22560673
4.60973066
12.98348562
17.64828652
13.80507384
5.42763579
16.70947054
8.56036484
45.23196849
41.02110944
0.56204476
11.57614694
4.30065142
16.61905055
13.10463299
2.89908590
9.04340673
14.73248746
6.36570124
4.29903973
2.96660458
15.98189303
5.21111007
28.56337147
0.42506021
11.97280620
6.19605861
4.20880308
15.15042119
27.37420375
2.96011437
1.90959050
13.51375332
1.70073128
7.02541865
3.85953641
6.70440924
3.62385977
14.36398716
18.38356543
23.09347924
22.49548266
3.15241949
2.75662868
1.04523452
2.62986032
5.99997092
7.99492133
7.16377763
0.77136966
21.21773905
5.51286453
24.46947654
7.85336496
10.14733514
2.11331522
4.94670368
7.36695614
0.59089769
52.93161183
2.45307661
11.05207988
10.41618217
1.88116076
2.36341648
9.62068951
1.14383650
7.48107268
0.66040726
6.16348464
14.12939607
6.80354078
21.24329996
5.44817601
4.22800399
4.51774193
4.15630491
2.77276391
6.26294935
4.30070077
0.27156510
9.73159261
3.07986576
7.58343601
6.68926635
12.05561968
9.53918528
5.94453478
3.65222313
1.67078313
18.65778894
8.70172034
3.55442496
21.42527543
16.57059955
2.75332493
5.04437013
13.04769915
16.86894078
20.42459592
17.45095627
6.04575337
8.63443450
10.70600317
6.57865042
42.03940398
2.03789971
5.10708786
3.63058085
10.97856795
21.11714476
7.79425408
7.12457590
36.94876005
3.48030010
33.03735207
0.55164846
0.00916999
4.84398882
6.25029034
8.49263288
12.55379840
9.20172203
0.03303336
11.21832424
19.94496492
19.18881926
3.92824170
2.71279563
6.15503970
3.16058656
33.26305838
12.18476550
2.34514931
9.30122707
4.57164939
0.74880262
2.45403120
0.21019348
5.52750602
43.61791142
6.65713878
1.22191687
26.85386664
13.60342533
14.95527647
7.97723273
0.73452380
3.24801940
13.23019235
35.82026420
2.16971517
3.24910018
19.93481589
10.93706925
2.29817880
10.58660470
2.50866253
7.01202351
12.87861712
7.59026097
0.40355506
0.45693022
2.53829192
23.90684356
6.26139484
16.86681961
18.51344738
5.80478199
5.55725501
29.93702153
25.60354881
15.22953113
4.11075784
1.38390119
10.69046298
10.50088486
9.10299153
0.58463064
0.38578238
2.86013919
16.50873474
11.84588865
55.73762229
5.75688112
7.59068023
3.45236311
3.46724898
10.19978227
1.12991285
6.82175149
20.68652384
9.61888037
2.21440039
14.46026026
8.32834418
15.14888737
9.45163147
11.86791404
10.48166584
17.33814477
10.34287106
35.60366247
14.84747518
0.06466567
11.13327560
30.89736233
16.69155559
2.64282734
8.32125687
3.10450386
11.16040348
4.17507803
4.30186707
3.97790753
9.05753209
8.31226431
13.00422629
1.94091005
14.52302129
0.73045177
10.03614735
4.99793107
28.52004130
1.48722601
1.16252269
11.10960948
10.13576857
5.75001997
13.80138466
2.98723972
13.58112126
6.83698177
16.10730290
5.96076798
8.42756751
0.56554006
2.74827287
18.97640267
1.33828398
9.83114779
1.82187347
0.73023510
4.48432386
2.54311978
3.35556865
6.29423636
1.11707562
7.69526069
16.46014903
7.22159780
9.90379074
0.50695211
12.66447998
0.55572303
7.94682051
11.76973794
0.08925076
3.61036798
42.84749808
16.40578773
11.29133290
8.19574387
3.93358567
1.17933575
9.77675505
10.72167865
7.44205142
11.90680912
14.26067438
10.00889237
4.04529065
7.75574266
12.03858414
0.31016443
5.05371132
12.28475905
0.64421093
17.54702045
2.83945608
17.11049137
22.62177304
3.13848043
53.33119663
4.36404617
21.53840713
1.37466991
8.93608973
2.99852246
19.95933131
5.28093946
0.62318839
0.14599967
0.81924066
34.99786287
26.37316396
0.38679726
0.03905542
31.63275624
0.10589693
1.47637147
6.21152103
16.98578681
41.00022888
2.04287682
10.94888799
10.93378120
28.82305657
8.25524825
8.80106813
8.34360348
0.71952243
6.39773024
16.84520727
8.25452233
24.15627061
9.78227463
4.42938832
9.19783144
2.53617284
5.19988735
0.06927428
5.06226279
15.10624612
21.80013545
6.05717822
6.21047436
20.33247463
6.40701863
16.75862435
15.81676732
6.19955846
35.60870226
20.60241363
10.51829211
14.52972975
2.07697328
7.10133390
2.96360381
2.60974385
1.41699876
7.58669233
1.07887860
0.84615305
0.52270156
0.18769376
22.95934509
9.58104342
5.89363144
2.09065952
22.38574549
8.13347168
13.39288914
1.83869421
5.33974207
2.76603324
2.09398028
12.91551053
8.85939899
45.33253626
1.14065951
7.36756771
0.31956199
14.21785419
16.77775598
26.75514597
2.36645398
30.67328296
13.35872839
3.28810787
4.15309902
2.70654063
8.07840183
25.05115377
14.05965076
12.21422667
2.63687641
1.35130745
18.16715104
1.99971194
8.32123542
17.21977306
33.36599835
4.82809022
20.79396815
17.68754706
42.05806697
8.52313745
1.59762769
4.90484541
21.48360417
16.61419099
17.71493442
10.66065045
11.08278126
4.65932130
6.71687318
0.73398628
4.88510603
7.42174220
3.84939763
24.04698297
5.95385625
10.09668638
6.19041458
39.49987709
11.57691463
1.88677886
1.96776472
0.31197695
18.26031271
15.43856956
5.10854439
7.70364299
15.98105060
10.53059154
4.15473366
8.12256581
7.28093061
3.28503054
50.05612147
13.96374511
5.02059980
3.82022422
4.19029654
20.88701749
12.10986193
1.97256774
0.70056410
8.65489869
21.08219957
13.07447401
9.24301011
8.77649284
11.66086614
2.91578372
9.99884945
4.44212908
1.22741149
6.54462739
2.82100175
2.41226070
2.28032770
8.43646110
3.40753907
1.95494729
0.97382741
7.77760832
8.07740867
2.18087058
18.29279138
7.94250544
2.13939847
0.04477642
7.25089125
25.67108931
17.95434787
10.09117215
0.19095109
27.57966847
5.31270291
9.46855390
6.71356144
4.16569819
6.47878595
1.43368388
3.90378951
0.51880766
7.86639005
35.26650063
9.98438256
12.87038693
4.03264905
9.58599805
12.12338840
4.40794542
21.32894069
8.32807678
5.94312878
4.30100676
3.32234860
13.24208134
7.01837848
14.82852474
1.10506595
10.91511789
3.20337114
4.59557382
3.89645882
2.80776768
0.92778224
2.62016953
9.59392227
0.13408354
4.18774174
6.55463092
28.21792842
16.45792535
3.08543605
6.21142742
3.38277370
4.11882276
6.79657629
4.10126077
0.40720819
5.81700397
18.87471115
1.96767487
0.84451744
3.47991006
6.68988169
13.44538871
5.02456313
1.10692154
35.18018647
12.92474803
5.04508776
0.32756475
0.49425922
14.56175381
4.79415392
26.49090390
1.21074958
1.01021851
20.96868144
2.89255623
4.32164756
6.97314494
12.11704773
2.80863195
7.10545265
9.76048685
10.34415477
7.85007367
29.91433811
2.48690142
2.97883503
8.85061105
0.75977660
9.12460766
8.71477785
29.68286210
8.45211168
10.48368942
21.97143175
11.25429672
23.38044864
7.27451133
41.98965889
12.39967246
8.28237033
7.14419490
4.13763740
32.33263332
4.52458862
1.60600604
4.64694456
3.71875386
9.74909822
5.33683800
0.82914842
43.35585360
19.44067255
17.82743875
29.75040252
0.62513811
2.07578464
12.88761829
0.76003679
3.21917013
5.52937213
2.47493535
4.94579684
14.24044702
2.61924578
6.95197867
24.36306008
6.09663061
18.09254617
13.86498493
25.06473168
10.66285680
11.27048766
1.40026830
4.46415001
20.77848145
40.99602987
1.63686400
8.64455942
21.39068441
7.72764401
2.14886982
17.86048571
18.67171128
45.44744494
1.70967197
24.00093793
13.05967694
11.77184085
1.43209018
26.57120743
28.96616927
9.52247437
10.50378781
12.93323219
7.06550324
10.71402927
11.52599426
10.93885844
2.15835780
5.11196972
3.08990186
2.68205828
1.91479238
2.43397790
5.88466351
4.37894628
4.39934880
15.72914806
0.43192566
7.35384303
0.72041931
6.96355463
10.64107390
1.33965548
7.67338266
9.02291734
6.18417101
17.85145993
2.14017235
21.13587584
2.45983414
1.16498429
10.15072073
26.74722534
9.23726540
34.98291844
9.28824595
7.21945000
6.93534598
9.13215971
9.82939803
1.53616042
12.96576249
4.25598082
1.75941429
6.06717337
3.90144657
4.34959124
4.46423024
36.90847439
6.08014133
4.36291911
38.04288412
14.61182704
0.71532448
12.15476998
25.97912162
11.47115409
56.62807086
1.73041527
8.44391485
5.02246369
6.46680432
21.63138874
14.02201891
0.79092162
37.58291318
4.98685949
14.46699726
9.63844437
22.56400822
0.63496418
35.82663971
2.20440689
3.57380253
4.45896720
25.87922078
0.40316185
10.93764105
8.85834021
20.43058573
1.94666048
7.95889228
30.58120602
14.10445814
4.13999426
11.29150197
5.53462096
19.08483308
12.24346797
5.57248810
2.08297828
0.99633009
6.48717605
5.36105362
10.06993445
40.34307694
1.21613563
2.46801923
2.84016524
1.83063132
25.89598317
16.87230439
10.52359086
4.03253554
7.51826305
49.49449933
9.24613600
0.34392331
15.82599143
3.28815425
14.20120730
12.48155730
8.91293572
1.60448093
2.37535950
11.59531542
20.84735971
10.98066693
9.66777878
4.97630323
18.99701714
0.01087517
40.62725404
6.21183433
0.98735402
22.80422838
0.92510032
4.30629262
5.36291746
1.55659794
13.67621619
29.39473786
0.82020595
25.96693371
11.40726536
6.52756369
1.38083928
9.45265927
2.96405839
7.49584208
6.74238464
17.79291591
0.39000132
39.32834331
6.14783699
4.68971149
2.63503721
2.18201478
4.68323100
8.83998645
4.17987150
6.14558223
22.51721419
7.49982165
6.99064381
5.54929143
0.27704592
1.90919437
36.63654838
31.37483880
0.99239127
6.93586295
12.43581486
12.70505241
8.88514125
2.48939157
1.17017370
6.70664057
2.24626445
0.05385715
6.51989726
8.64976813
26.90124597
24.01255475
18.81538635
5.43187269
0.04563410
18.14843202
2.85990119
4.17198345
0.57768455
2.74287658
13.46940906
17.37916975
0.04705966
2.42618799
1.64888550
23.91112398
10.95902650
8.61361643
1.02203682
6.07103761
13.39302393
5.28987728
0.89632111
3.06009442
20.24550009
7.86426142
7.27645336
2.91154747
7.58675616
2.94709664
2.46212973
6.53543190
11.73534752
8.69787786
18.89145654
21.46394160
19.65539566
25.81110846
17.25777247
0.22746274
2.11466536
1.99178120
11.91694655
4.51558121
1.10840995
11.60410424
3.22056832
9.67632399
3.28180925
1.78856104
36.83436740
3.56809103
17.48261375
6.19683272
3.05707812
9.25240533
4.41701151
1.86190222
8.91027145
3.97874847
68.86550449
14.19082007
4.03289623
1.42307101
13.18146846
17.93552019
1.01207968
5.47420694
5.97039997
14.16017715
0.30182941
7.42316457
13.24358746
25.25058632
14.61997259
3.95237189
1.54149834
16.82882774
8.72703845
0.20484037
12.43645271
9.98986428
10.46173282
4.11630162
18.94816146
13.37229400
4.93993589
11.23164296
1.35708809
4.43464497
7.64949590
12.94295456
5.07462330
8.42713795
40.76553157
0.58648526
2.39665068
10.71752607
2.22776696
3.16413237
8.50593597
1.17701629
9.63551830
6.06569624
15.79460596
18.17349634
23.49799250
21.26453798
1.11688544
1.46272761
8.64791981
0.33517886
3.04190982
5.11301284
8.06993388
13.88258066
7.23616208
3.02156856
10.48560494
0.80906926
29.78475266
12.51937504
0.06615799
21.57492409
2.93811393
10.43474899
13.56119225
2.71439853
8.56577288
11.61440870
0.23391468
33.94920685
16.49825432
25.60673159
1.30958500
5.57963637
3.14822254
0.44448105
0.53993551
0.44065180
12.23487773
29.31905345
9.40293098
16.98947908
5.98994091
2.13859544
14.97510293
1.15788137
0.65669537
2.86213826
4.83800475
9.99263497
7.56068765
3.32819880
16.59696764
12.08680343
10.90871545
22.19403906
2.48378808
9.47219445
6.97601286
13.46531586
0.48536405
2.31688853
20.80693758
4.89061343
2.98160830
1.63043107
48.98991792
0.75466858
14.42996168
15.59292695
12.16871110
7.14994151
15.76981483
7.76679815
18.44476605
0.56489580
5.44104082
26.61447526
12.64011727
1.16846810
24.58356231
5.94974875
0.59291226
3.38770295
14.54744852
1.46121141
1.55705663
19.68428695
1.78371157
1.26647552
25.63328383
3.82701161
4.05320284
4.57983329
4.72704298
27.84200766
20.05620262
0.99453925
7.70209865
6.90108859
10.05578456
1.75203519
7.58600173
6.54737252
0.18131763
14.33713168
4.87426131
14.10771920
5.65999922
13.07470744
0.45804554
5.15294800
2.67715549
5.06024883
2.22651683
5.89314870
38.73837123
32.38683920
0.57740025
24.38659989
5.35442080
0.90603193
2.67253144
22.80167250
1.38825094
0.34105292
5.37550022
6.65835790
2.26203738
5.64546682
2.54406505
2.63400082
0.04667416
7.42843476
18.95253410
15.83646441
19.85545259
0.62722074
5.99348065
12.42932821
2.64604005
6.05748645
21.59696459
2.08564836
1.96300921
7.52788301
1.09876824
6.19285269
2.66114679
11.41928960
11.21161464
11.97078766
15.96384932
8.68787313
20.13540470
0.89332537
4.47591806
6.24831119
28.33640300
2.84233176
14.66681862
14.61230512
3.06443302
4.51360680
1.34246757
1.90719792
15.96244914
14.15990559
0.82144402
6.52068426
5.36222822
8.94280422
6.60840130
16.77647678
41.46648269
8.68148886
4.94107345
13.20237645
4.69197617
1.48268462
28.17154436
1.40893840
1.44787095
9.66469599
0.60311755
3.04102530
7.95408310
1.40922888
18.84253573
22.43818650
3.74510985
28.42910604
8.81046335
14.95267529
0.30034302
9.70637915
19.86955536
0.01370274
12.95086632
12.42211471
5.18488762
8.29911554
8.54458882
1.80787905
9.51148237
18.83600956
6.85036597
2.13816323
5.59525268
13.41703535
23.35906072
5.22502289
5.49895493
16.49365203
3.07063357
8.41820836
14.27438088
1.55464579
16.46434687
3.82443228
17.45248671
1.75984328
0.49301911
0.80847781
2.31784117
32.00497147
6.94745349
5.05304675
1.62193006
5.75015135
26.25351934
0.22105519
5.19868150
4.89594467
10.64909070
0.03213307
5.45819841
0.66872339
9.26269619
40.26606213
19.46432869
1.25789391
2.44123415
2.55799197
14.57115354
4.50875381
10.95805425
7.35804496
10.77817027
1.88811126
10.47993228
2.67914777
3.07282594
19.29627654
11.02872422
1.18412916
7.37076326
8.01841080
2.44188966
0.93861318
4.22340342
2.57054916
11.03528980
7.79881145
2.05258556
15.95526427
11.00258735
15.23685723
9.32902292
1.71812146
14.92072346
13.41993510
21.96625225
1.42740715
22.36295750
55.08631531
4.56361547
1.05909197
2.45899970
15.76812277
18.14405256
21.66385355
4.98135348
24.50232238
5.74933151
18.85739312
6.56137379
5.95254147
1.70302830
1.19654474
30.81259743
13.52009848
4.40332940
5.04065383
9.71854091
28.00990609
14.06643622
13.98317068
33.24656702
1.93876567
10.48340166
8.26422312
8.73942012
10.42258007
5.19688452
9.59757574
36.54941844
3.50750231
1.55402363
10.52604433
5.40906163
16.87229541
8.19539512
13.95790628
20.27797734
15.60381282
2.32669059
45.17320216
12.97331846
13.18785741
11.19729163
5.77095640
8.09853446
3.24202553
16.56328993
17.06078258
16.95608206
6.18934872
6.65848239
12.92005731
0.24473070
30.77727572
12.98690725
2.18225693
1.02895225
23.24526538
1.60341097
9.69911633
3.04848181
1.65079759
0.12785263
23.63385964
0.57551905
9.11107528
2.43777264
8.86411082
2.80319086
2.93042040
4.07887788
7.68385805
4.42753670
2.15386480
0.31377678
1.78118208
8.34195092
6.84052691
0.36693212
2.77834472
1.68659597
7.20253535
2.75297495
19.44331622
0.34430085
8.38442141
3.20123200
16.79601879
3.00186616
9.40056120
22.45235048
4.84905151
10.47207027
0.91134162
9.16086557
25.82012422
20.09713826
4.74950400
5.91164521
1.35683554
9.16788777
1.28701139
8.96421213
0.00816546
24.97694178
15.17363901
6.43728674
0.50187609
19.44384462
4.07044557
54.24904503
12.76717853
3.82439873
2.14916094
14.90313092
2.11741391
13.28157797
0.60983233
42.59665686
17.52979140
0.61809846
2.04840308
3.03118450
3.07667999
8.65534411
4.60899946
2.43127906
9.40590043
1.87581641
1.67192535
0.36215382
1.71177884
16.44139337
0.78105405
0.92621204
1.80801911
16.75516856
3.05923016
14.61221548
2.61315425
0.24770227
4.71731530
6.23587172
7.28246529
3.77536178
6.38991286
14.06913671
7.42858531
20.60045670
21.30412139
3.12695441
7.87886878
5.50344424
1.61130699
2.54806972
15.13962435
2.90215646
25.25418415
12.58915399
5.21893012
17.55335084
2.46290283
4.82570890
11.49623716
4.86228073
7.45578465
47.24540045
7.29688706
6.43289018
10.08256463
19.82139714
3.06417911
10.21295230
29.42513989
7.07455844
5.14475672
14.69389077
16.57089357
3.36861847
6.10154693
3.20469859
1.09179746
7.58637387
20.24152515
5.60348534
12.26848092
9.61502547
7.03698326
5.94878912
0.70315635
2.79896652
14.86082236
7.58011920
5.01745721
14.43270951
4.29678776
16.15695093
2.07878340
12.35274571
2.99594517
9.27371397
6.35789589
14.71151305
7.72868703
1.69677415
2.68580733
17.92770954
3.20336049
1.21832143
3.15722187
13.44731850
3.98212462
15.52156908
0.50251860
2.46025468
12.60564172
23.86061168
15.86201553
0.84184138
45.60642614
0.26265976
3.36299121
45.53944568
0.37380121
11.90171191
3.34571253
6.22350545
39.58537935
13.69202354
37.79974613
0.47570398
3.27384541
7.05874660
7.67173022
5.34134039
4.46255020
34.89998042
1.95396508
4.92852457
0.55179597
17.95239943
7.92456311
13.41230514
2.19325804
4.65260888
4.40377910
1.04618490
13.82145701
0.65660694
2.13010178
2.70789869
1.01619892
0.98710158
9.56448300
13.38064810
10.81185255
5.52234827
6.60360969
13.02755615
4.13628367
8.74022634
5.84431456
9.61281993
14.62321033
6.30245927
6.99196529
28.83050165
1.02931204
0.87697959
0.04513418
1.45078597
7.30052397
1.08723992
11.88920715
7.92950560
12.42684055
21.87883638
0.09406756
4.11076446
35.05017303
5.68023936
44.66549373
12.00798100
17.33362033
6.32062833
3.55185599
9.24671479
0.06532310
27.15936980
14.93787239
2.58660464
20.48458886
4.03397271
10.18672957
20.56864777
13.44036400
0.64171355
0.20543455
21.05564963
1.01019231
12.11678975
13.44160164
7.07492708
12.19463633
6.13629127
24.25321891
17.57020244
1.14664086
8.73907875
0.96375269
11.99694686
6.41293827
15.76075021
1.09036988
2.08433850
1.13881274
13.64662518
10.14128088
19.08052360
13.13268894
3.54693937
6.07165782
4.66447143
5.17173399
9.33956923
1.54769149
15.82272136
0.00350601
0.08493579
15.47172402
3.85670918
13.87571372
10.34130804
7.58068634
19.26770833
7.84585626
1.91132800
18.84827825
51.97003476
9.38611839
11.23745014
5.85260972
1.19176495
3.30225765
7.35721996
3.91139862
4.23707621
16.50075214
6.34375992
0.11535147
6.16822942
5.53860534
6.64137155
7.24082428
22.39082832
8.16983434
2.68406819
2.59330805
10.06631531
15.04157647
20.05494662
19.22193192
1.86816512
10.91815868
2.04018877
11.17487379
52.41495188
22.82286439
0.69584278
0.86395119
0.91791411
11.69097230
11.53091746
9.06635613
3.12910183
23.85767771
5.97331442
4.84592370
15.89270666
28.91690688
4.27968663
5.47033921
9.53524181
9.47010832
8.04321188
8.32443862
3.85588009
4.47955595
34.83169267
0.62162754
4.02723558
13.58205136
17.07826400
1.20823242
4.94620859
4.99356444
7.84227342
7.44291753
18.08974941
9.32702609
20.30131667
4.28507816
18.01263479
6.08672523
1.84341435
3.93499577
8.17179876
14.72036651
3.44017262
5.14989218
2.24673055
10.19253048
2.66298059
31.22547673
41.35298235
10.88009715
22.35978255
0.15303630
12.20286208
14.07096226
2.65319537
20.61896059
4.86862291
1.64458217
5.58835832
13.80430020
1.86271475
7.09928379
1.37482348
24.50036746
7.63570193
7.13071220
15.77871687
11.26719866
41.87419677
9.66647837
2.11866197
4.64825564
7.14447981
1.21103538
8.47106265
6.49470215
6.64051704
43.65628344
3.30132731
9.79598530
13.37162502
36.52431279
24.84549475
0.07745419
15.70460251
14.99128360
7.69689268
3.42406150
10.88484884
6.19423867
7.92562128
20.32816526
2.93223936
0.05444904
1.83281050
1.17182416
18.67701261
0.46290148
8.68483059
6.27228734
8.19885387
15.37044033
42.34298136
6.30156381
6.36074522
37.15198942
17.92689560
2.84905822
6.99919328
9.68421632
31.39472250
10.58486250
14.24195956
6.35882307
3.22076560
5.47589056
10.12209874
6.62902960
1.19290151
2.00396381
0.58183537
2.92777912
7.41703320
11.35727698
1.02203757
17.86417783
0.91368545
16.34170886
9.44839851
17.11759615
31.80402324
9.84398551
6.44279456
8.77257223
67.32991522
7.60027453
4.97740265
24.67050527
4.45388991
8.49770867
12.39320942
5.40820954
3.87995601
3.01021094
0.47006216
2.44618055
0.05272782
20.13335141
7.32579934
6.20309835
1.35769377
3.87542112
17.17778929
26.46242118
6.20346006
10.83358504
11.52818375
5.13893234
2.13779780
2.38268779
7.74682277
15.66560453
11.02379487
16.87003907
0.29792427
7.32003924
1.74101716
10.88310586
0.12628147
9.22296103
22.62487013
2.00524300
14.95589228
9.36205714
7.10342575
7.20178407
13.33936090
24.38305793
16.33159277
18.44366764
13.46580400
2.40709648
24.28614966
1.13344515
6.08502938
17.79099926
18.48232980
2.15055664
0.67396301
8.83737263
1.37020719
1.56073296
3.61579407
0.23643383
2.70934092
4.43488786
1.03203700
15.27148226
7.45969816
0.37143474
1.61594686
18.70104460
7.69995147
16.87480839
7.81570260
4.40283517
7.84738950
10.01166979
28.85151716
0.08534425
26.04412906
14.93436985
4.15003313
8.37811737
5.01815767
35.81085302
10.69961176
2.37322865
4.73760886
5.29718117
24.39653800
4.40672819
17.87156328
6.47275195
3.72481738
0.69103221
1.08961685
1.50115431
10.79864334
8.94936331
3.47807702
18.94923129
2.32385695
19.87361707
2.79238921
9.05310988
3.12924195
5.27901277
5.59409698
9.48018375
13.98014016
7.23954185
2.96494335
5.38994427
0.53009689
4.09020787
4.13302782
2.53103390
11.37857022
17.63307821
9.95658771
2.14489334
9.58863948
6.24448437
12.52148545
14.91388847
7.33352297
0.69330904
10.18254801
4.34669560
0.39606016
21.20677900
1.84476772
12.16406992
4.33289335
0.19563735
14.97094350
8.32769944
0.21792947
0.84119798
1.51469012
39.49237936
14.51600232
25.10460380
10.41408871
0.27072092
7.53314143
29.50608991
14.33406154
7.87924144
0.26655485
10.76935086
21.24692242
7.31818933
9.15603188
16.31364791
5.53498430
1.10245913
7.71435531
14.27493384
13.99251474
1.20115024
0.76713255
10.29579002
5.18447609
11.67644677
18.29192647
25.51352570
1.40969934
1.38678485
1.97732095
6.49981536
0.20151975
5.16569603
6.83314236
3.68397412
4.15513479
10.37660256
47.47890080
1.42782361
4.61941391
2.16724891
5.76311628
6.47533075
24.55622662
6.00040529
12.30665078
3.93584287
2.21912078
0.32241572
0.75857173
7.88961488
30.29012969
15.08686319
2.79899249
22.36777251
1.83606511
7.00239578
12.55295688
4.31703310
32.30117119
2.00349757
4.47366328
17.46205267
8.41906898
0.05857548
6.52765176
8.73121074
21.78634242
4.47634469
11.82805656
26.99731552
2.20975460
12.76042958
3.78361314
52.72069653
4.84423824
31.77403724
4.35444782
4.09410831
9.20390937
2.53460323
9.18707077
10.43457263
5.18280248
9.69198955
3.69810347
3.01282276
2.69081346
10.65231783
11.69451307
18.59930154
8.03746992
3.48983051
5.13554986
3.27978153
5.47051808
6.22589225
3.78701395
28.50327671
5.60790627
0.17085778
3.44134416
2.58562848
4.08856463
22.79622603
1.16105021
13.18093677
17.39053954
5.85326672
0.64637721
30.66284110
3.28921463
2.70841874
13.93987470
2.48241239
2.57151001
15.45069036
49.50764060
1.38077181
3.35218667
7.65975344
18.92289315
11.71923824
27.26929604
20.52542776
3.56611091
18.76028939
7.43465588
18.95938152
18.23749334
6.22531602
7.81208642
6.84696266
17.85677226
25.95949593
25.45132137
6.96070855
17.28510009
15.81163131
8.39414462
0.00554556
7.20929113
0.27430238
1.91731485
0.18084472
8.22186117
4.31567172
16.05598387
3.31283485
5.00286467
4.11785096
9.11309527
3.03118814
6.71929337
20.62810720
6.13896230
0.18532396
49.18006221
14.42336635
2.79943961
3.77789964
24.75338300
10.62483906
2.17310985
5.62729683
21.93915279
9.62317849
1.05961096
4.59247842
3.77522754
5.89979053
1.17684113
5.53332084
8.86302869
10.16775423
0.58512339
4.71844461
13.43331489
3.26430043
1.71078885
0.59289161
9.80170243
1.04043904
8.75683525
4.42873886
19.16768897
3.90529856
0.49425592
24.00779706
15.45393886
1.09981842
1.09866678
10.90183468
13.89907439
5.61074528
8.58295143
3.84281107
7.72261022
28.75092358
32.48967023
0.13066534
6.20059342
2.65821972
13.49222652
2.71423480
12.54849186
3.82108327
3.26909670
1.02890846
1.87379969
7.07812016
10.93432469
1.17158356
5.86329602
12.26877725
2.69848256
10.39126202
0.51566382
17.40785198
3.16254206
4.01514332
1.01696597
5.44296800
1.44624977
26.55276181
12.44639295
4.58392685
2.77308406
7.30643652
0.81261063
6.81290837
3.15871996
15.94541210
0.94715953
0.02440375
3.04639349
10.22679276
8.86320092
10.52355923
8.55767983
18.29845095
1.47816248
1.57722608
0.21620428
2.74615570
5.55924334
5.34599389
12.06210240
3.79116174
4.84113404
5.19662414
4.28121370
8.41059717
7.95936025
19.82482839
1.51016784
15.26206328
59.60139929
13.72955113
17.83289635
0.08422553
5.90425127
10.72778905
1.33500695
9.16578214
10.47215544
4.89582375
1.13236543
1.75304006
39.18908586
64.61790979
7.95516080
0.27542662
3.16972392
10.17260954
3.41786730
13.92811432
1.43666901
23.94189115
15.74537149
12.97977086
22.43520261
0.70404512
40.34546984
4.62318294
13.11911748
2.66223679
12.78049185
2.10714760
6.33052253
7.18958907
10.29261534
9.56353289
17.54467844
2.86245763
8.54640476
17.31676345
11.06388393
4.58291004
4.09124681
4.44089681
13.13197756
1.63528702
6.29799623
42.49657642
10.35419325
25.14551512
23.89192448
2.16708350
43.13243594
15.84193982
2.02663437
11.23444080
55.93895057
6.82685292
0.10833221
10.10148286
12.05519721
1.66612744
3.80802759
2.16603464
11.78588320
5.58280478
4.74039420
7.51854517
32.64032808
6.75381191
15.35560712
19.51634911
0.72990923
1.02007266
21.65639803
32.28062861
3.00201734
5.03985260
29.64130088
28.59693525
4.24693534
15.75197698
13.06787650
0.32155090
54.47493299
1.13961178
13.86583129
12.62975130
11.20135246
9.77008304
85.69839417
7.25134131
24.08205397
23.86991954
17.95939281
2.04578471
2.79782086
15.57695864
23.19875644
37.03457771
0.90920436
0.20739548
13.79073200
10.49308692
33.38620052
4.21847719
1.43117357
3.07020538
15.42599004
11.93963685
4.15952540
3.98036508
12.06430025
13.51751826
1.02310332
3.36850897
10.47405189
14.66920329
5.24359450
35.40166593
10.84037903
0.08016136
5.46634293
9.37500156
9.08493912
2.00073321
8.20319188
8.07190986
8.56950608
10.92463049
9.50871347
7.39390825
3.50402532
5.20337029
1.80996917
1.87646136
3.10070020
0.88368231
20.51440462
7.05126890
13.60697267
14.78309224
4.74906195
0.85651872
2.34816442
1.17284796
5.93120893
20.77260843
0.24365421
10.33474877
14.57684901
5.42543022
1.16892920
23.82295932
18.82794267
0.04754212
13.66908020
7.39718224
8.25204631
13.11860481
0.85501640
0.90867809
23.50423482
2.09120957
1.14250090
3.32766553
27.32117449
18.96594307
16.08300543
12.27596805
0.02644843
1.79930216
11.29000809
1.07925638
6.03588223
9.01061349
11.52808441
4.65482063
9.26508039
3.31351763
1.37234859
32.46259425
5.81384831
6.40375029
5.81729982
0.01319722
0.53447332
7.83783020
15.72708286
3.44860170
3.48021383
17.71171923
17.39086962
20.05711995
1.35338309
9.27501506
10.60740490
6.21309503
6.65746110
10.22096860
3.74186796
19.97460042
4.04445055
9.39502614
6.84834617
64.38378376
2.93353824
0.22516308
5.62627291
2.38615065
5.04668541
21.60184138
6.60206603
6.40127469
21.52287158
3.00500528
19.11168060
28.67865190
5.15989517
33.04990702
3.25793353
3.38025418
10.93967918
15.63203105
4.40622553
4.80058160
6.83805507
2.76970410
16.09009050
1.48915438
11.07776469
4.31968469
0.82936268
4.31566788
25.39971252
20.64246834
1.76202259
6.16053316
6.04039464
2.53417184
1.09957352
0.82412397
7.48306203
11.32038852
12.23944218
2.47703917
18.20767357
37.45378526
0.87799983
9.87181242
9.62066901
18.96574633
0.94657886
1.18849904
1.78457578
30.16320705
0.49368878
46.09189271
7.09910674
4.82738986
4.61287987
5.23269329
11.31236410
12.50572703
21.66632783
7.79297607
7.91570486
6.49724858
8.20570659
5.49916342
22.65770332
4.84382389
3.32193715
1.29468499
13.38563002
5.87120617
8.71497019
9.58691103
14.06515534
2.09766443
25.34592481
1.13431660
5.03379732
3.24664305
0.16498656
6.70286661
17.27169664
1.27448750
0.56711045
0.97995251
16.53883786
7.95948316
3.62313480
1.91382760
3.39043932
3.49918656
1.30148820
31.96372922
2.26424744
42.83653402
11.42601720
0.66669742
26.27286099
11.94130123
5.36449703
9.47635255
3.10027707
13.05146736
20.44975401
7.43171574
13.18755467
5.61534093
17.94876039
21.84716163
17.76387872
9.01169286
45.98199604
11.79241234
6.28797841
6.78422971
1.95424350
1.58595616
15.70338626
8.49157506
0.97999064
14.58918404
12.80128419
62.33457574
3.27856218
0.43695754
8.87504933
3.85438938
2.75495929
1.75264070
7.91250676
5.96377875
13.10710874
13.61894063
1.62784341
5.78146200
1.01932072
14.43638037
9.82034580
12.84479390
12.72310315
8.72143564
0.32798773
0.86005125
4.53203973
24.86115640
52.14615974
9.46795563
28.17039169
30.43387122
36.75293073
2.58217982
5.74332384
1.37763781
0.74934061
7.85211920
6.22025484
12.00863987
0.37553796
2.22850631
13.13983669
4.29038384
14.71269553
2.12112508
36.74312158
18.49462689
9.54802344
8.95872914
5.73942931
4.20533220
8.06234588
8.05209852
0.73708831
4.32791438
21.69752459
12.76885963
3.55686278
3.10201238
16.69078196
15.23506410
26.14769459
32.97406070
0.57422885
4.01853970
8.25306694
14.59298059
4.42610092
11.80326680
11.44864297
5.28784429
5.61038396
3.21168650
0.16274531
33.68444180
9.18910696
23.05548156
30.33012885
19.09942431
20.32548466
15.43556011
7.77269383
6.93661985
10.76457134
14.98787619
24.73180579
16.22249692
8.29859395
15.01803661
8.21194643
7.15704067
1.42596126
57.50141461
14.33760448
17.80370606
8.41883902
8.14571160
1.10832645
16.08599731
13.18069719
0.72635525
33.29639358
7.79268349
15.34324684
39.38735503
1.00646496
7.30379669
9.86479227
7.11268124
13.77886740
1.43703466
4.77052385
22.65520136
0.88956867
13.36014383
11.95211749
0.12997327
3.60544368
1.64874889
46.26613226
12.95392335
8.33080640
6.22299667
0.06452830
26.24981202
0.54591148
7.25163651
18.46668416
2.56257869
9.53955175
4.20835201
3.20789138
3.37431638
2.36353225
0.96012140
23.68839484
9.44188690
6.53800720
6.03637527
7.80395176
5.79999176
7.34477218
0.67912754
8.67325769
5.60224741
23.84896683
2.41180680
7.55290827
27.34510556
27.09127050
6.53759124
1.04545338
0.87412652
1.61519017
7.88367497
13.30271880
4.15789799
1.46524528
16.21164035
16.80605467
4.66350668
9.74788307
37.30440740
21.90965588
9.22639051
8.43719637
35.41878223
4.00235641
0.05056676
15.55492903
10.12666468
16.90906960
4.05176404
29.53459948
1.22584838
1.90648912
7.35076017
0.83909264
0.84798998
26.00488802
23.03515933
14.21021297
8.92865732
1.52450155
4.90076587
6.18267955
1.74590646
26.97885092
3.98242152
4.69585674
11.70492020
15.68221902
48.04677082
0.12992288
4.84706209
3.19818478
3.80552760
8.98567480
5.55637057
13.57013370
10.32784273
14.34640494
17.81605175
0.88828852
2.81514772
22.99369072
1.95235431
10.72107577
10.68997703
5.51674850
9.31726197
27.03050558
9.30121446
16.17400044
2.69858802
8.09294563
21.14502305
16.81937181
32.34844109
0.21340835
3.61735222
1.28912154
11.88525863
1.53896618
11.27283623
22.73830236
13.38790367
0.84275518
0.26751417
0.92860734
12.44931191
6.82917825
0.80376629
10.44497578
5.99839324
15.92490560
1.30794883
7.01289426
32.60659018
1.88047377
1.48875615
11.85834675
0.21241122
23.03400847
5.92376217
26.65363398
0.61761406
4.17844720
0.85722721
3.34553095
0.73799608
3.47705748
4.08954534
15.51347515
9.53179505
36.06963724
10.05050947
0.18092013
38.40295266
8.98486808
13.72380028
14.50090722
22.15759849
32.40944456
4.63090551
0.28845014
20.36284717
10.08444555
8.61837527
11.78719536
14.35242598
17.30683803
13.31960370
6.70851303
33.52255094
6.31464508
8.21154015
14.87003707
6.32802464
6.17689132
21.94140904
3.07734427
1.85487922
0.19466752
18.06580518
9.31729621
1.68082139
2.19056489
12.69816847
12.49382188
4.29404249
2.85743787
7.37872782
2.11785982
2.19539453
2.28024710
9.02145001
22.76514213
15.15794714
0.16704911
45.51692873
17.77821609
8.54286399
21.59282221
18.91517770
5.73969711
0.46742412
17.36253804
12.77760258
47.30100354
20.00714560
41.95916738
1.08050832
12.14267549
19.87496842
4.31760074
5.75949237
6.91165474
3.23529519
6.50450333
12.37793296
5.70074973
6.24897392
3.82063582
1.96425773
23.00813492
0.37308794
9.23825426
6.25556669
5.93111469
10.90318359
2.13252863
9.49913819
8.84330436
6.39235811
16.82186482
1.73709417
6.36510990
14.69670021
6.14390695
3.24572293
8.14234694
3.23737778
14.67912761
0.89816667
4.60752482
16.38522965
8.72621058
2.19250487
6.81068254
1.59394396
20.68010904
24.72171766
0.04603282
0.15299307
3.16044102
7.27127288
29.20665788
10.76065123
0.36931119
9.71925291
2.15279336
1.25851673
8.52719463
0.57432079
27.84849268
20.15489830
1.50604689
2.59082931
1.69040517
6.16992453
21.84721142
3.96719116
5.37109148
14.51743849
0.32143250
0.52400378
0.13610020
6.82133165
44.60971971
1.76812524
27.66674984
4.56631063
1.53173781
14.88178325
19.41559837
1.53135159
6.56474181
3.24421056
11.71337018
0.11684397
21.95278319
4.95309190
19.45860920
4.93718346
7.79872622
13.67537366
59.36531954
13.52375196
0.00961575
1.15141758
10.72821300
4.86608300
4.47702638
25.48434826
3.87494568
10.72814750
28.48899522
26.73385113
29.38612509
12.32507532
0.73444488
3.20753028
4.94760623
1.09001608
16.97230019
0.53061415
0.57910057
4.33007491
6.54621425
11.19404904
34.69608158
8.10983335
11.51812024
16.42342522
14.85718220
21.95477719
43.08762977
0.58697492
38.45034774
18.26486034
1.74632499
6.13119756
8.89243553
12.37052734
7.01797268
15.10687102
5.46601363
9.74080893
8.88670807
12.23993280
14.67318314
4.42814806
5.35725763
4.65539669
15.88873655
45.48681972
47.72591615
2.22780563
33.47064109
2.21829121
4.63831974
12.58421456
4.63395776
15.24518970
5.03745949
14.10780308
11.50544251
1.31539971
4.12217677
16.63358343
39.62745641
2.22930130
2.86283885
0.98805232
13.00256595
8.51956333
1.06523180
4.06009126
3.93301937
8.52074692
3.65045214
7.57916899
0.49396480
28.12378412
2.86127522
1.98014041
1.00093234
17.41284207
0.76628523
10.67507447
3.63915814
4.24137787
0.01915432
9.08842610
6.68927397
1.44427968
4.69790989
17.65551107
5.48816513
0.40452849
1.70699628
8.18391721
2.55419407
31.15768459
7.15385919
2.67668018
6.92349031
10.72159326
9.21147582
1.05985605
9.40991295
7.57187412
0.26172927
2.33692344
47.91159266
3.01192455
4.48663524
2.00724167
8.75351324
5.64157217
4.11113822
7.50890058
9.67701628
10.07518779
0.62375966
6.53363684
3.00109730
17.06502268
9.85290246
8.35630633
1.58872767
2.61295590
14.05741991
0.20594133
16.06439157
11.02033170
0.73693966
10.28296241
6.86368257
9.23812410
9.88295445
15.63744637
8.47490788
3.90820157
0.15665994
5.18646202
0.69798142
6.40788062
7.68494991
2.46198860
9.75727449
30.27582526
11.33818276
7.20742498
2.05886852
3.60030330
9.70665658
3.60358008
25.42247737
1.86611117
6.51479396
0.27501828
3.56586151
8.88632295
26.03665979
11.79067751
0.21037860
2.43864349
1.23764250
8.32430452
0.92786405
8.75383491
1.25310237
18.90889540
14.27366822
22.88836396
14.69923519
5.61491631
18.82337020
8.87539142
4.11890497
12.25935514
6.00491841
10.35228452
4.09168591
20.87299584
4.72747490
8.22343210
3.87674876
5.22124823
12.69639739
0.95767281
5.36702533
0.53905943
12.47617849
18.73261917
3.75116686
2.53421331
13.93505169
7.29076317
1.03407392
18.72296966
0.01137522
9.17314048
1.60619654
33.46261582
5.42507813
25.54417486
31.63985801
23.75374562
7.23118658
11.73712467
1.57762200
14.94449602
0.77248969
15.50147647
1.78251643
46.30940209
2.10836841
11.90742576
12.38302631
7.77805274
11.19929451
1.31236037
6.57372423
7.72547593
7.23128756
2.42930467
6.58565038
19.39780103
0.94276400
2.92058688
0.38534888
4.36883860
1.77499529
0.72464295
0.92944748
4.78615657
1.94949273
8.57173933
13.67998456
30.93514037
4.44241027
15.32844634
6.53950479
28.47789570
14.24685425
2.85229669
18.47626587
7.87024804
19.98387651
9.43176623
6.27898505
20.62491228
0.62794739
0.29810595
0.61445644
2.80021090
2.24974600
2.02538926
9.11381616
19.45274408
8.23458296
3.32031608
6.51481042
34.53120866
4.99977553
1.66768269
4.76973308
29.48237097
10.60822811
2.74275745
2.70009638
11.05248733
25.67052182
15.43257565
20.97032500
1.93085733
0.82960674
11.28416568
20.49761533
9.63308145
9.63121808
2.32745494
1.73128074
10.04487884
3.84219101
0.28740136
16.61716890
25.47561957
7.04783434
20.22189608
3.83254619
0.34511102
7.20094521
2.56379080
10.66513314
9.79953554
2.60632709
9.98129835
3.81101945
1.51528517
8.02812806
31.21977566
14.51427045
2.15899513
25.96748343
0.05695279
11.21172211
6.79676337
18.69962041
18.19817826
21.28290074
0.38461289
12.32408434
3.48166260
11.78759174
1.97122035
6.72711511
1.98752582
1.09566102
1.37618836
24.30123554
1.42914874
2.50331646
6.58869253
7.64441506
2.92595764
21.15621240
17.47709626
5.35936718
7.97680601
33.52466835
0.52043919
4.24458620
14.55928420
1.13356458
4.71023295
3.68474422
3.10754773
3.85898926
4.77615544
23.98779784
3.64479617
2.43212841
21.77371733
11.76108745
6.81674070
7.35035981
9.90592557
1.83417924
31.33487257
1.87900411
3.73599853
0.80110955
12.92401214
5.95772868
4.91280093
4.13812492
13.48190862
1.67194511
5.34565878
1.19540812
28.49221730
7.05614937
0.50435206
9.93219928
15.17890058
0.23543240
21.86051926
12.37846295
4.16530062
10.99262840
7.21083964
12.87738059
6.43907770
0.34684382
0.62748096
25.91357926
11.92036327
2.45266319
5.35106944
30.03522942
3.91797088
6.89817035
3.90342659
19.39456589
3.00370452
4.60722150
5.35818050
1.00146147
3.59496898
1.81281669
9.70848499
16.21449569
0.12017094
20.43412603
28.47968617
5.76388293
0.31919274
17.52898953
4.06113453
15.54133318
4.38877435
8.94880595
0.56170922
5.44775220
8.34315807
28.02746422
9.46899437
13.18471667
1.31170696
1.05670992
12.47499348
1.69849691
76.50653223
1.83767092
15.14750800
15.56400380
39.41943040
12.17334591
7.51397013
3.95034975
5.81439872
16.84459360
36.42039142
2.42250838
21.64829692
12.25858143
9.49673379
25.64353976
4.92155902
4.50593062
0.20454343
5.81756277
3.89965212
8.44450564
1.90433596
2.30233911
0.32082723
4.71285461
4.79039378
19.55004820
13.33040951
8.85214697
4.00156330
31.33730813
10.44300297
2.20492511
1.51120581
0.47143875
3.95119426
17.65476893
12.60335146
0.02683911
3.25168932
20.72198175
4.72025190
1.00586428
4.11238760
3.66901735
20.37592715
13.60205859
13.53470317
6.31465050
29.97951649
21.65788931
5.59471275
14.10112019
14.18111772
10.41125630
33.49989809
2.00650797
16.29336054
5.74587149
28.97221954
10.60115652
5.35798395
9.48749281
0.93046847
2.95815761
12.03570711
1.80116687
25.12728120
2.34928592
3.52273400
1.23663444
2.47678212
4.70148535
8.93490925
44.95552872
11.26691808
3.93071545
10.33806512
1.79566131
2.19747392
15.33392673
5.91269017
2.16673833
13.07909055
3.78562732
8.30911255
22.42516763
1.75642018
15.08130960
1.68037244
9.40662687
7.69842139
23.40748185
2.97869764
9.76179500
18.30303759
2.03755392
21.36766186
26.44184800
2.98107281
2.35120191
2.67280350
0.73226103
0.58993420
13.60747110
0.32856342
6.69053886
13.01110088
18.10301646
5.38210612
8.51356659
6.80449696
8.99479215
2.10851365
9.20656409
14.28202494
7.35394071
2.02846757
8.09386600
2.51415574
6.62689401
22.10306809
6.72518380
1.99687145
0.63328456
2.37753788
17.54211390
2.26059125
0.67931011
5.05789295
1.56585343
5.45260273
8.71880239
18.06466921
12.84827987
39.39764309
3.32016329
16.57548058
18.14691213
1.00563888
28.75717469
7.70556725
6.26551806
7.73020029
24.38381835
1.94287894
10.74005828
11.41053155
6.68799921
5.77928638
30.26903260
6.47785162
8.72812620
8.11648913
7.65894482
10.88239094
4.56811314
6.86853923
1.35081279
0.34105423
10.11743924
6.43050518
1.05530672
2.61730128
0.69863135
2.29567399
10.25824293
3.68009755
5.99432517
12.36690654
3.96866165
24.74766221
25.83665373
3.71878464
2.59577186
0.49205025
1.56321505
11.55800983
5.42546788
1.89967827
5.35420033
3.02084492
5.12193665
0.04386479
5.25614115
0.00358663
13.15671108
7.74775602
3.07045933
15.26963435
1.22713945
2.98935703
0.43323100
17.98967722
4.20796512
1.07872177
7.45465440
12.69305811
0.99401847
24.17890523
48.88471503
1.68455397
9.82189858
15.71067293
12.87981500
0.17459818
21.92083668
4.02424033
0.08658518
0.87408948
28.99170493
15.93472422
4.57462331
12.26170205
8.51172913
15.33159064
7.23256024
0.45779354
31.75043185
4.37198953
0.43877370
0.43027131
22.03171989
7.09916515
9.19673439
7.06226140
4.23272850
0.00121612
1.78850775
13.98108050
0.39007682
4.98351092
12.21018991
5.52652878
12.75983136
8.62552579
14.40537839
2.47213787
2.48404579
7.54609299
19.36088826
3.40695899
19.31530518
4.87130834
11.00912329
12.07151752
5.95671187
5.47039830
1.25569180
2.87411958
16.26087604
17.59770644
5.60219753
1.65313790
15.30461812
4.74428677
0.51095127
15.40302898
0.11986301
2.26834056
6.58505753
3.00570607
6.67248520
6.54796476
18.27650383
30.39221103
10.14022775
51.67957816
34.38102825
0.74200347
11.49301670
21.02897805
0.21006838
7.01080108
26.82238087
1.58287329
44.22769315
20.04721511
15.52529974
14.17700652
4.74125971
2.04944318
1.91380940
1.66952909
2.64082078
3.23280378
4.77631215
11.00176191
5.81724886
11.56298247
7.19166795
24.83586843
15.51988052
2.93008221
9.45369487
9.20655050
23.63595009
11.17355473
8.00467387
23.53639493
24.55110675
1.75588440
14.08905811
3.07218846
8.11667382
3.04081559
4.82813670
21.57638106
30.19691509
1.76183638
0.33712476
23.42082144
5.69748259
16.20307810
15.01443776
4.77583896
12.89778449
15.81512174
19.16940760
30.37930488
2.84222137
4.33064703
1.14783767
7.94660234
39.22621760
13.15440130
15.93091245
1.10724364
7.49923975
2.72211428
6.21036024
0.62368128
21.92869164
15.59188671
6.16660014
16.47372295
1.83554137
4.96503651
6.26785479
9.63046812
20.63883889
0.42046525
6.19520085
3.32272503
49.05833527
12.72899255
5.96936552
5.22928743
11.38346044
0.81389707
11.27715950
0.84088075
7.69530831
3.21812394
2.67112126
6.76922127
11.41391773
8.41285445
1.06661999
3.97184485
6.98023606
17.30639052
12.86215943
3.22226044
1.93293402
9.77090801
2.85763813
0.61752539
3.82481959
0.01655910
7.56943584
6.57347953
0.72682617
11.00202717
17.13562680
1.67219383
19.72464378
2.62665755
8.42167313
11.84087922
3.07992856
4.01439537
12.36758897
6.02594276
17.08193619
19.51826995
0.33077629
2.88539056
0.20928825
5.40282396
2.54460964
3.47746770
8.50193975
2.19736040
12.32711127
12.75224855
1.92864645
15.55293535
7.09927177
3.40226578
29.29642141
9.82692197
9.40038666
6.62251546
21.91525448
1.18374997
13.29974210
2.05856721
7.16700155
21.71830432
6.61579434
5.51069879
3.22222849
5.54087850
8.93862503
21.48063127
3.97849894
8.72662541
5.69564540
14.79485089
5.93105817
7.51935751
19.52443904
6.13301397
18.86808131
9.52976519
22.29095827
9.58970378
3.56612260
3.09818528
16.59160677
6.69561264
19.13172358
0.59771799
1.05410031
7.93632095
0.42304422
6.28141512
18.05896226
0.57230715
0.12341851
7.59458800
1.68409182
16.32674043
4.63209539
19.69139127
10.64361434
3.60640104
32.56635940
4.65571554
7.32380028
6.46690679
2.10592844
3.54724104
2.89993167
4.95194318
7.00364797
15.90297175
1.42316372
19.84890744
1.30632697
5.59898408
6.22415539
0.11907737
14.11446122
1.04863475
0.17603840
31.49503827
10.57632127
0.91298290
1.72851434
3.53182817
0.66712962
1.57558729
9.91114591
1.13271198
26.01804672
4.23380538
2.25426612
46.24563506
12.59692366
5.65305689
7.78031806
0.57048885
6.11881518
24.03741470
7.36289645
32.44664649
3.80198865
13.81368860
6.47475978
2.44671299
2.85039123
0.29791763
1.53222940
2.97629139
4.09322021
4.78581498
1.71294595
4.29592011
2.75192320
8.25159956
5.36725170
3.74843176
0.21623001
2.19235348
11.04800206
10.90527445
3.29932785
4.87692826
2.68756173
12.70973015
12.85767160
14.76396695
3.44055264
0.51690883
4.20182632
3.88534780
20.31166618
1.22279931
1.56149951
7.20266394
2.48908529
1.68488043
0.26335653
11.76237320
13.78707189
8.88595716
45.91141138
33.98726811
17.28624479
5.66397886
1.74347198
9.64766229
2.32008040
12.17251611
21.29153463
1.82940009
0.01677377
12.32012319
5.64789738
16.53440789
11.76940156
8.85083493
32.39641934
9.50744662
4.42383484
11.44457613
3.78095418
7.46300132
3.62592296
18.02975232
3.26193898
2.89445031
1.60989278
0.74294980
3.46434744
2.30571044
8.83869415
35.18488915
1.02292664
26.50143348
13.81082106
19.49809633
26.71459552
20.30881104
9.98159695
13.00596592
2.75293087
3.07267214
15.96560422
11.65158536
2.49060301
8.67039333
7.63687654
58.14968278
28.27103753
2.65373413
16.12801045
3.97823200
14.13551293
3.82054653
12.17955710
8.64598377
8.20183634
14.83413969
2.41020072
4.27090613
6.60732280
9.23506672
7.20043369
8.91861606
2.62096776
5.55664187
8.28916006
8.05862638
3.60760938
16.80052751
13.74059614
11.33495046
5.76832873
14.78231822
34.55234468
4.19452411
2.87620194
9.02839688
10.19845257
3.95960554
6.76372678
7.21272752
1.85910821
27.13425648
4.02587231
0.16678654
2.57349787
3.47492885
0.36631103
11.56426225
6.67039638
9.50645528
14.41645194
26.71422792
63.04138680
1.26612007
13.54623286
0.54433621
0.89215045
3.70814855
21.48340676
8.49958958
7.38036111
18.99999089
24.05276318
3.99244736
28.84004993
9.90558124
10.55921859
5.89437148
16.41256171
3.79778476
44.09316133
5.23273476
15.83167600
1.02756319
0.38545410
31.27541921
1.67914188
5.92493718
8.45764849
9.24483000
4.51199415
7.58408207
9.50458519
4.57446695
4.54483706
1.61869710
5.04557377
0.54233978
9.70174074
4.81837361
1.34029822
20.03202683
43.98561484
1.17922849
0.59357514
3.48631279
10.61161886
10.54275889
1.46461366
0.29137323
24.90755857
1.22399756
0.27764279
5.83498553
0.49900451
7.16867428
3.37225868
17.46373629
0.38083952
0.17396042
3.75646522
4.70125050
0.06442738
5.07072518
4.27619594
13.35488142
20.24356038
20.51269233
6.78293280
2.41359614
24.95462786
1.45444368
17.24845656
4.52202668
4.36427868
3.11607780
2.98760094
6.38853689
0.68830603
0.06869189
7.68808506
5.94887955
17.14821142
31.58255839
7.58060230
9.56481665
1.96379954
8.08271987
10.28482612
11.15384285
6.39909346
16.67895041
0.06742301
2.57975980
2.01608140
13.92372889
12.17470110
27.87852261
9.29706558
18.39678808
13.11940761
13.47708361
1.54071947
2.53127196
4.03785466
7.46025418
22.52909986
8.52367908
4.95359744
6.19667093
13.76698575
7.89763743
4.73680182
30.96664464
10.75091674
7.19838747
11.52510832
5.24186597
4.82210368
47.28931579
13.61994612
8.83618810
5.27030372
6.54684566
6.78827524
37.07042193
2.61995182
2.97503258
3.74242131
2.50769602
3.77800827
0.84788615
8.69803345
1.87977008
4.66503210
10.28784032
1.89934327
31.13049561
9.11714378
5.29257104
7.77236239
2.74691189
0.61676711
20.53281437
0.26589298
0.72860947
1.76457668
13.72750280
1.48721613
2.07781348
8.98640312
23.41531264
7.46017039
2.13181625
32.93478577
0.22107807
0.55606014
0.45306321
4.06851869
0.12818420
6.77322299
18.87345328
8.21240168
1.36112419
0.53066206
19.62244495
14.95979770
25.25131164
11.57894632
6.50111306
9.15059086
3.28269867
20.54535439
11.90673956
0.91165985
0.11769835
1.61550118
2.02010585
6.48944478
16.26372958
0.28559997
8.12283720
22.25078042
8.53225456
14.42046588
2.64761667
10.00593232
11.95536527
5.19002550
19.97108623
15.02298956
6.16774742
28.71307785
12.69374094
4.49069829
8.16897229
32.95702491
16.12342454
38.92473385
0.90682848
2.54283765
1.87268449
2.29099040
3.93350202
1.16407075
0.35522478
31.93938752
7.18973256
4.07687256
5.29636501
6.16924533
18.13875389
4.66772679
8.04618087
2.88845502
24.37198954
2.00063802
15.85332721
5.29900684
0.29722854
35.01888866
1.51266563
22.90243074
1.10226681
10.27668018
25.64568949
3.13220876
10.39328602
12.12301377
2.01830521
5.86079212
8.09490592
7.64936189
6.35472209
3.59377691
10.40606321
13.88943726
7.76560209
10.44555945
12.02801529
23.83345216
17.45685930
2.66136633
1.18770539
4.64508173
2.09754119
0.42014533
6.64252693
5.68231672
2.29796746
8.83513372
0.24683889
4.75243474
0.23661043
3.49610468
23.11570459
16.57672048
0.84010959
4.22731774
26.30789715
5.64882513
14.59797276
11.25141143
2.94778131
1.92923464
23.93879618
10.49379865
0.56959228
5.79383302
7.29865948
47.52006376
18.86967836
0.10911585
0.87479074
16.54029189
4.26844334
1.27026862
40.33217410
7.35607779
5.76854234
4.74279102
19.57185507
13.55254768
10.55624709
43.88677069
22.24953457
1.91091310
35.17857954
1.26720677
0.53762634
11.90341477
2.96136539
27.99839111
22.18060944
1.43504362
21.13100219
10.22514358
6.58772107
37.25712390
15.82053991
23.97860608
10.88083983
4.25856753
3.81370458
6.11254068
23.26504404
14.89826399
3.12309649
17.25650814
14.62507279
0.73022726
5.64070051
7.45459472
3.38585890
5.10948154
0.49404955
14.45452399
16.23733542
8.39740857
14.72932412
17.23174746
51.27102662
0.15745600
8.71505889
1.09496587
14.74372020
1.60516763
9.73747586
17.51193702
23.97410066
3.87638867
20.17833070
19.60249343
12.41379287
5.88199338
9.03303252
0.35347640
16.57641092
10.84139128
1.17244477
0.51276067
6.06471480
0.48136919
4.40929781
15.08878976
21.00890590
7.72073523
0.93329709
1.97231184
18.98177447
1.06042410
1.35478210
10.24034313
2.99636312
7.08972834
15.61104222
1.78692404
1.78177368
1.62933034
7.10981449
0.42725136
1.78482256
10.61498185
26.01084947
1.20431900
35.24438311
13.39674122
23.00032280
6.90995358
19.34045029
11.00311265
34.44171930
8.36592130
4.01941949
12.03422849
16.10887585
1.92792908
10.28047231
13.50758894
4.47112669
2.91420207
12.62561082
1.38820134
7.56874579
17.03714356
2.21147485
2.96031249
5.62054179
21.84053120
16.93965913
1.50172368
6.43152285
6.14452089
1.59386116
8.93507621
27.84155400
30.69477960
43.72297675
12.85026987
18.40047622
4.00905175
2.87909023
2.21314961
11.64480862
14.72609411
38.12441250
7.53557428
11.81868025
24.35153801
0.22036484
7.37731575
0.38231622
11.01398153
9.33124772
2.78996689
0.56724521
0.62837410
3.41036379
4.44346752
0.90373418
22.44578038
3.32510336
1.37414964
8.83009273
1.62807685
1.20742517
0.68376807
33.40909936
7.10798613
5.44451899
6.86787353
3.22089040
16.68759197
6.32162228
1.78231281
1.14748268
10.36665971
0.13367019
6.74683798
2.18066703
25.88110739
7.29208389
21.52225664
8.56731947
35.56861234
4.58652853
9.84132770
0.51668481
10.11718848
15.70161678
13.58173519
0.20661210
31.01877166
13.70166616
9.96980989
0.22054094
2.69616575
5.86889432
13.51698521
4.26622043
20.88004910
16.63684491
6.17302841
2.36220404
3.86745309
2.19586651
2.21943777
7.98285743
9.39620663
0.92770617
2.73485148
0.51242881
10.87441514
3.76254850
7.15022406
0.90195835
2.63843055
1.20385780
23.43149535
2.78153406
12.73300819
23.14269036
0.79712918
1.15425081
22.72054355
7.71781376
4.64571082
19.42046067
0.24064850
0.38772213
3.44612584
5.58794426
2.23044604
2.51038537
1.20014787
11.46689672
3.55575056
10.05029273
9.47306554
1.52378072
10.12983589
1.57343638
23.22231811
16.22096188
38.82753639
21.81982643
2.24635491
7.31821453
0.33506868
0.40472371
3.65163873
2.00186750
21.65200839
14.85444648
14.11301516
4.93393855
4.60605281
13.88142978
9.66052991
35.62255349
15.12587186
32.44310244
17.43060570
14.63172696
17.29461389
19.64873261
1.43173653
4.68213776
4.45280523
9.07471855
30.76006865
8.91862237
21.20175325
2.27666343
2.39707472
5.88048026
0.76943259
1.65827377
4.53850491
9.92642892
22.46982357
15.75938815
34.47809078
2.31787069
18.71106582
0.80898403
14.23599918
17.70638847
5.96158579
13.28088699
0.82373571
50.30829863
0.49275418
1.09635318
36.75857258
9.34472767
14.96911267
2.41468054
2.24853048
1.48649868
4.78253686
13.47400202
18.89632703
12.43894082
2.59332400
0.98734282
25.73966504
11.90117971
6.07434325
2.10106435
18.98885077
0.12351315
42.19694578
12.91609770
11.14569381
0.00347723
20.52683577
4.91221699
0.41448690
3.33651597
20.13804745
3.20672585
21.67332789
19.04858897
3.75431242
0.95470788
9.88770510
19.20698029
16.74175176
3.26741405
3.05518957
8.75220551
5.49321085
9.21591940
4.03478078
0.54896348
2.67877358
0.64034187
1.16633836
